radius,temperature,log10_epsilon,epsilon,positive_key_weight,field,field_change,w1_change,log10_amplification
1.0,0.25,-8.0,9.999999999999982e-09,2.9808691583931568e-05,-0.9999403826168322,5.9617383167863136e-05,1.9999999999999964e-08,3.47434291362574
1.0,0.25,-7.966666666666667,1.0797751623277061e-08,3.218660827995649e-05,-0.9999356267834401,6.437321655991298e-05,2.1595503246554123e-08,3.474341881224087
1.0,0.25,-7.933333333333334,1.1659144011798304e-08,3.4754210972098474e-05,-0.9999304915780558,6.950842194419695e-05,2.3318288023596607e-08,3.47434076646518
1.0,0.25,-7.9,1.2589254117941638e-08,3.7526629785434265e-05,-0.9999249467404291,7.505325957086853e-05,2.5178508235883276e-08,3.474339562779413
1.0,0.25,-7.866666666666666,1.3593563908785248e-08,4.052020150382962e-05,-0.9999189595969924,8.104040300765924e-05,2.7187127817570496e-08,3.4743382630731645
1.0,0.25,-7.833333333333333,1.4677992676220664e-08,4.375256577337758e-05,-0.9999124948684532,8.750513154675516e-05,2.9355985352441327e-08,3.4743368596870066
1.0,0.25,-7.8,1.5848931924611133e-08,4.724276897086786e-05,-0.9999055144620582,9.448553794173573e-05,3.1697863849222266e-08,3.4743353443505827
1.0,0.25,-7.766666666666667,1.711328304161778e-08,5.1011376347169544e-05,-0.9998979772473057,0.00010202275269433909,3.422656608323556e-08,3.474333708133886
1.0,0.25,-7.733333333333333,1.8478497974222853e-08,5.50805931038034e-05,-0.9998898388137923,0.0001101611862076068,3.695699594844571e-08,3.4743319413946585
1.0,0.25,-7.7,1.9952623149688776e-08,5.9474395113179533e-05,-0.9998810512097737,0.00011894879022635907,3.990524629937755e-08,3.4743300337215914
1.0,0.25,-7.666666666666667,2.1544346900318783e-08,6.42186700493011e-05,-0.9998715626599014,0.0001284373400986022,4.3088693800637566e-08,3.474327973873006
1.0,0.25,-7.633333333333334,2.3263050671536165e-08,6.934136975648414e-05,-0.999861317260487,0.00013868273951296828,4.652610134307233e-08,3.4743257497106343
1.0,0.25,-7.6,2.511886431509575e-08,7.4872674749174e-05,-0.9998502546505017,0.000149745349498348,5.02377286301915e-08,3.4743233481281397
1.0,0.25,-7.566666666666666,2.7122725793320284e-08,8.084517180661309e-05,-0.9998383096563868,0.00016169034361322618,5.424545158664057e-08,3.474320754973922
1.0,0.25,-7.533333333333333,2.928644564625232e-08,8.729404570233926e-05,-0.9998254119085953,0.00017458809140467852,5.857289129250464e-08,3.474317954967792
1.0,0.25,-7.5,3.16227766016837e-08,9.425728619068143e-05,-0.9998114854276187,0.00018851457238136285,6.32455532033674e-08,3.4743149316109885
1.0,0.25,-7.466666666666667,3.4145488738335984e-08,0.00010177591146103795,-0.9997964481770779,0.0002035518229220759,6.829097747667197e-08,3.4743116670890375
1.0,0.25,-7.433333333333334,3.6869450645195665e-08,0.0001098942093662597,-0.9997802115812675,0.0002197884187325194,7.373890129039133e-08,3.4743081421668705
1.0,0.25,-7.4,3.981071705534957e-08,0.00011865999783446263,-0.9997626800043311,0.00023731999566892526,7.962143411069914e-08,3.47430433607559
1.0,0.25,-7.366666666666667,4.298662347082269e-08,0.00012812490598456666,-0.9997437501880309,0.0002562498119691333,8.597324694164538e-08,3.4743002263902127
1.0,0.25,-7.333333333333333,4.6415888336127794e-08,0.00013834467758550064,-0.999723310644829,0.00027668935517100127,9.283177667225559e-08,3.4742957888976846
1.0,0.25,-7.3,5.0118723362727164e-08,0.0001493794986278873,-0.9997012410027443,0.0002987589972557746,1.0023744672545433e-07,3.4742909974543794
1.0,0.25,-7.266666666666667,5.4116952654646214e-08,0.00016129435091586652,-0.9996774112981682,0.00032258870183173304,1.0823390530929243e-07,3.4742858238322625
1.0,0.25,-7.233333333333333,5.843414133735172e-08,0.0001741593937362697,-0.9996516812125275,0.0003483187874725394,1.1686828267470343e-07,3.4742802375528035
1.0,0.25,-7.2,6.309573444801918e-08,0.000188050375823382,-0.9996238992483533,0.000376100751646764,1.2619146889603835e-07,3.474274205707676
1.0,0.25,-7.166666666666667,6.812920690579586e-08,0.00020304908001094366,-0.9995939018399781,0.0004060981600218873,1.3625841381159173e-07,3.474267692765189
1.0,0.25,-7.133333333333333,7.3564225445964e-08,0.0002192438031496141,-0.9995615123937007,0.0004384876062992282,1.47128450891928e-07,3.4742606603613275
1.0,0.25,-7.1,7.943282347242818e-08,0.00023672987406898045,-0.999526540251862,0.0004734597481379609,1.5886564694485636e-07,3.4742530670741663
1.0,0.25,-7.066666666666666,8.576958985908931e-08,0.0002556102125791916,-0.9994887795748416,0.0005112204251583832,1.7153917971817862e-07,3.474244868180358
1.0,0.25,-7.033333333333333,9.26118728128791e-08,0.00027599593273966205,-0.9994480081345207,0.0005519918654793241,1.852237456257582e-07,3.4742360153922602
1.0,0.25,-7.0,9.999999999999994e-08,0.0002980069938720142,-0.999403986012256,0.0005960139877440284,1.9999999999999989e-07,3.4742264565741765
1.0,0.25,-6.966666666666667,1.0797751623277074e-07,0.0003217729030629007,-0.9993564541938742,0.0006435458061258015,2.1595503246554147e-07,3.474216135436058
1.0,0.25,-6.933333333333334,1.1659144011798295e-07,0.00034743347319067633,-0.9993051330536187,0.0006948669463813527,2.331828802359659e-07,3.4742049912028814
1.0,0.25,-6.9,1.258925411794165e-07,0.0003751396408195333,-0.9992497207183609,0.0007502792816390666,2.51785082358833e-07,3.474192958257781
1.0,0.25,-6.866666666666667,1.3593563908785213e-07,0.00040505434863703684,-0.999189891302726,0.0008101086972740737,2.7187127817570427e-07,3.4741799657568726
1.0,0.25,-6.833333333333333,1.467799267622068e-07,0.00043735349746751426,-0.9991252930050649,0.0008747069949350285,2.935598535244136e-07,3.4741659372135176
1.0,0.25,-6.8,1.5848931924611122e-07,0.00047222697327593263,-0.9990555460534482,0.0009444539465518653,3.1697863849222245e-07,3.4741507900496384
1.0,0.25,-6.766666666666667,1.7113283041617799e-07,0.0005098797549864796,-0.9989802404900271,0.0010197595099729591,3.4226566083235597e-07,3.474134435111475
1.0,0.25,-6.733333333333333,1.8478497974222871e-07,0.0005505331093785266,-0.998898933781243,0.0011010662187570532,3.6956995948445743e-07,3.4741167761470035
1.0,0.25,-6.7,1.995262314968876e-07,0.000594425879791887,-0.9988111482404163,0.001188851759583774,3.990524629937752e-07,3.474097709241983
1.0,0.25,-6.666666666666667,2.1544346900318806e-07,0.0006418158758748698,-0.9987163682482503,0.0012836317517497396,4.308869380063761e-07,3.474077122211406
1.0,0.25,-6.633333333333333,2.3263050671536233e-07,0.0006929813721444901,-0.9986140372557111,0.0013859627442889802,4.6526101343072466e-07,3.4740548939428475
1.0,0.25,-6.6,2.511886431509578e-07,0.0007482227236999423,-0.9985035545526001,0.0014964454473998846,5.023772863019156e-07,3.474030893687946
1.0,0.25,-6.566666666666666,2.7122725793320264e-07,0.0008078641080399842,-0.9983842717839201,0.0016157282160799685,5.424545158664053e-07,3.4740049802979747
1.0,0.25,-6.533333333333333,2.9286445646252357e-07,0.0008722554025838781,-0.9982554891948322,0.0017445108051677562,5.857289129250471e-07,3.473977001399139
1.0,0.25,-6.5,3.1622776601683734e-07,0.0009417742081855876,-0.9981164515836288,0.0018835484163711752,6.324555320336747e-07,3.473946792502906
1.0,0.25,-6.466666666666667,3.414548873833596e-07,0.0010168280296637328,-0.9979663439406725,0.0020336560593274657,6.829097747667192e-07,3.473914176046319
1.0,0.25,-6.433333333333334,3.686945064519571e-07,0.0010978566251465523,-0.9978042867497069,0.0021957132502931046,7.373890129039142e-07,3.4738789603568785
1.0,0.25,-6.4,3.9810717055349613e-07,0.0011853345368532254,-0.9976293309262936,0.002370669073706451,7.962143411069923e-07,3.473840938536149
1.0,0.25,-6.366666666666667,4.298662347082266e-07,0.0012797738168010154,-0.997440452366398,0.0025595476336020308,8.597324694164532e-07,3.4737998872558267
1.0,0.25,-6.333333333333333,4.641588833612777e-07,0.0013817269618425132,-0.997236546076315,0.0027634539236850264,9.283177667225554e-07,3.4737555654595313
1.0,0.25,-6.3,5.011872336272722e-07,0.0014917900733989159,-0.9970164198532022,0.0029835801467978317,1.0023744672545444e-06,3.473707712963103
1.0,0.25,-6.266666666666667,5.411695265464628e-07,0.0016106062582630397,-0.9967787874834739,0.0032212125165260795,1.0823390530929255e-06,3.4736560489456285
1.0,0.25,-6.233333333333333,5.843414133735168e-07,0.001738869287898785,-0.9965222614242024,0.00347773857579757,1.1686828267470336e-06,3.4736002703229056
1.0,0.25,-6.2,6.309573444801925e-07,0.001877327534759557,-0.9962453449304809,0.003754655069519114,1.261914688960385e-06,3.4735400499943916
1.0,0.25,-6.166666666666667,6.812920690579595e-07,0.0020267882052842977,-0.9959464235894314,0.004053576410568595,1.362584138115919e-06,3.473475034954114
1.0,0.25,-6.133333333333333,7.356422544596409e-07,0.0021881218904010024,-0.995623756219198,0.004376243780802005,1.4712845089192818e-06,3.473404844255285
1.0,0.25,-6.1,7.943282347242812e-07,0.0023622674555688504,-0.9952754650888623,0.004724534911137701,1.5886564694485625e-06,3.4733290668177
1.0,0.25,-6.066666666666666,8.57695898590894e-07,0.0025502372936134256,-0.9948995254127732,0.005100474587226851,1.715391797181788e-06,3.4732472590662
1.0,0.25,-6.033333333333333,9.261187281287921e-07,0.002753122964844694,-0.9944937540703106,0.005506245929689388,1.8522374562575842e-06,3.473158942387729
1.0,0.25,-6.0,9.999999999999987e-07,0.0029721012501829455,-0.9940557974996341,0.005944202500365891,1.9999999999999974e-06,3.4730636003936306
1.0,0.25,-5.966666666666667,1.0797751623277085e-06,0.0032084406442375187,-0.9935831187115249,0.006416881288475037,2.159550324655417e-06,3.4729606759729914
1.0,0.25,-5.933333333333334,1.1659144011798289e-06,0.003463508316468951,-0.9930729833670621,0.006927016632937902,2.3318288023596577e-06,3.4728495681219096
1.0,0.25,-5.9,1.2589254117941644e-06,0.0037387775696932036,-0.9925224448606136,0.007477555139386407,2.517850823588329e-06,3.472729628532583
1.0,0.25,-5.866666666666667,1.359356390878523e-06,0.0040358358262301795,-0.9919283283475396,0.008071671652460359,2.718712781757046e-06,3.4726001579251755
1.0,0.25,-5.833333333333334,1.4677992676220643e-06,0.004356393172924002,-0.991287213654152,0.008712786345848003,2.9355985352441286e-06,3.4724604021043333
1.0,0.25,-5.8,1.5848931924611111e-06,0.004702291497029859,-0.9905954170059403,0.009404582994059718,3.1697863849222222e-06,3.4723095477212094
1.0,0.25,-5.766666666666667,1.7113283041617788e-06,0.005075514245524871,-0.9898489715089502,0.010151028491049742,3.4226566083235577e-06,3.4721467177207717
1.0,0.25,-5.733333333333333,1.8478497974222894e-06,0.0054781968407031974,-0.9890436063185936,0.010956393681406395,3.6956995948445787e-06,3.471970966453056
1.0,0.25,-5.7,1.995262314968875e-06,0.005912637784892087,-0.9881747244302158,0.011825275569784174,3.99052462993775e-06,3.471781274425968
1.0,0.25,-5.666666666666666,2.154434690031883e-06,0.00638131048670173,-0.9872373790265966,0.01276262097340346,4.308869380063766e-06,3.471576542676111
1.0,0.25,-5.633333333333333,2.326305067153626e-06,0.006886875840306552,-0.9862262483193869,0.013773751680613105,4.652610134307252e-06,3.471355586733086
1.0,0.25,-5.6,2.5118864315095806e-06,0.007432195587748555,-0.9851356088245029,0.01486439117549711,5.023772863019161e-06,3.4711171301516544
1.0,0.25,-5.566666666666666,2.7122725793320246e-06,0.008020346492033412,-0.9839593070159331,0.016040692984066823,5.424545158664049e-06,3.470859797585195
1.0,0.25,-5.533333333333333,2.9286445646252336e-06,0.00865463534572418,-0.9826907293085516,0.01730927069144836,5.857289129250467e-06,3.4705821073730454
1.0,0.25,-5.5,3.162277660168377e-06,0.009338614835665737,-0.9813227703286685,0.018677229671331473,6.324555320336754e-06,3.4702824636134944
1.0,0.25,-5.466666666666667,3.414548873833594e-06,0.010076100279222629,-0.9798477994415548,0.020152200558445257,6.829097747667188e-06,3.469959147693648
1.0,0.25,-5.433333333333334,3.686945064519568e-06,0.010871187240779108,-0.9782576255184418,0.021742374481558215,7.373890129039136e-06,3.4696103092469577
1.0,0.25,-5.4,3.981071705534966e-06,0.011728270029008121,-0.9765434599419838,0.023456540058016243,7.962143411069931e-06,3.469233956509037
1.0,0.25,-5.366666666666667,4.2986623470822705e-06,0.012652061065313552,-0.9746958778693728,0.025304122130627105,8.597324694164541e-06,3.4688279460425613
1.0,0.25,-5.333333333333334,4.641588833612765e-06,0.01364761110160155,-0.9727047777967969,0.0272952222032031,9.28317766722553e-06,3.468389971802528
1.0,0.25,-5.3,5.011872336272718e-06,0.014720330250835556,-0.9705593394983288,0.02944066050167111,1.0023744672545436e-05,3.467917553514159
1.0,0.25,-5.266666666666667,5.4116952654646334e-06,0.015876009776329088,-0.9682479804473418,0.031752019552658176,1.0823390530929267e-05,3.467408024337196
1.0,0.25,-5.233333333333333,5.843414133735164e-06,0.01712084456506584,-0.9657583108698683,0.03424168913013168,1.1686828267470328e-05,3.4668585177925024
1.0,0.25,-5.2,6.309573444801921e-06,0.018461456186103935,-0.9630770876277921,0.03692291237220787,1.2619146889603842e-05,3.466265953929733
1.0,0.25,-5.166666666666666,6.812920690579614e-06,0.019904916406906368,-0.9601901671861872,0.039809832813812736,1.3625841381159229e-05,3.465627024718633
1.0,0.25,-5.133333333333333,7.356422544596417e-06,0.021458771007798264,-0.9570824579844035,0.04291754201559653,1.4712845089192834e-05,3.4649381786512614
1.0,0.25,-5.1,7.943282347242806e-06,0.023131063697238947,-0.9537378726055221,0.046262127394477895,1.5886564694485613e-05,3.464195604548372
1.0,0.25,-5.066666666666666,8.576958985908935e-06,0.024930359887766942,-0.9501392802244661,0.049860719775533885,1.715391797181787e-05,3.463395214570486
1.0,0.25,-5.033333333333333,9.26118728128793e-06,0.026865770043902504,-0.946268459912195,0.05373154008780501,1.852237456257586e-05,3.462532626442955
1.0,0.25,-5.0,9.99999999999998e-06,0.02894697225859061,-0.9421060554828188,0.05789394451718122,1.999999999999996e-05,3.4616031449148306
1.0,0.25,-4.966666666666667,1.0797751623277078e-05,0.031184233653616594,-0.9376315326927668,0.06236846730723319,2.1595503246554156e-05,3.4606017424838322
1.0,0.25,-4.933333333333334,1.16591440117983e-05,0.03358843013160965,-0.9328231397367807,0.0671768602632193,2.33182880235966e-05,3.459523039434249
1.0,0.25,-4.9,1.2589254117941658e-05,0.0361710639326952,-0.9276578721346096,0.0723421278653904,2.5178508235883316e-05,3.4583612832516137
1.0,0.25,-4.866666666666667,1.359356390878522e-05,0.03894427836767974,-0.9221114432646406,0.07788855673535948,2.718712781757044e-05,3.457110327497534
1.0,0.25,-4.833333333333334,1.467799267622066e-05,0.04192086901223003,-0.91615826197554,0.08384173802446006,2.935598535244132e-05,3.455763610250426
1.0,0.25,-4.8,1.584893192461113e-05,0.04511429055354059,-0.9097714188929188,0.09022858110708118,3.169786384922226e-05,3.4543141322432973
1.0,0.25,-4.766666666666667,1.7113283041617806e-05,0.04853865838357578,-0.9029226832328484,0.09707731676715156,3.422656608323561e-05,3.4527544348582526
1.0,0.25,-4.733333333333333,1.847849797422288e-05,0.05220874393272761,-0.8955825121345448,0.10441748786545522,3.695699594844576e-05,3.4510765781692694
1.0,0.25,-4.7,1.995262314968877e-05,0.05613996263684415,-0.8877200747263116,0.1122799252736883,3.990524629937754e-05,3.4492721192599842
1.0,0.25,-4.666666666666666,2.1544346900318854e-05,0.06034835333195795,-0.8793032933360841,0.1206967066639159,4.308869380063771e-05,3.4473320910817944
1.0,0.25,-4.633333333333333,2.3263050671536243e-05,0.06485054777837322,-0.8702989044432535,0.12970109555674644,4.6526101343072485e-05,3.445246982159293
1.0,0.25,-4.6,2.5118864315095788e-05,0.0696637289336656,-0.8606725421326689,0.1393274578673312,5.0237728630191576e-05,3.443006717494752
1.0,0.25,-4.566666666666666,2.7122725793320276e-05,0.07480557652818431,-0.8503888469436314,0.14961115305636863,5.424545158664055e-05,3.440600641070505
1.0,0.25,-4.533333333333333,2.9286445646252367e-05,0.08029419845348398,-0.8394116030930321,0.16058839690696797,5.8572891292504734e-05,3.4380175003970623
1.0,0.25,-4.5,3.162277660168375e-05,0.08614804646142041,-0.8277039070771592,0.17229609292284082,6.32455532033675e-05,3.4352454336047704
1.0,0.25,-4.466666666666667,3.4145488738335975e-05,0.0923858146981656,-0.8152283706036688,0.1847716293963312,6.829097747667195e-05,3.432271959626508
1.0,0.25,-4.433333333333334,3.686945064519572e-05,0.09902631967274644,-0.8019473606545071,0.1980526393454929,7.373890129039145e-05,3.429083972067051
1.0,0.25,-4.4,3.9810717055349634e-05,0.10608836039419905,-0.7878232792116019,0.2121767207883981,7.962143411069927e-05,3.425667737399275
1.0,0.25,-4.366666666666667,4.2986623470822677e-05,0.11359055761570783,-0.7728188847685844,0.22718111523141565,8.597324694164535e-05,3.4220088981663954
1.0,0.25,-4.333333333333334,4.64158883361277e-05,0.12155117140865676,-0.7568976571826864,0.24310234281731352,9.28317766722554e-05,3.4180924819003007
1.0,0.25,-4.3,5.011872336272724e-05,0.12998789666406993,-0.7400242066718601,0.25997579332813986,0.00010023744672545448,3.413902916485952
1.0,0.25,-4.266666666666667,5.41169526546463e-05,0.13891763659150264,-0.7221647268169947,0.27783527318300527,0.0001082339053092926,3.4094240527076374
1.0,0.25,-4.233333333333333,5.8434141337351704e-05,0.14835625486151816,-0.7032874902769637,0.2967125097230363,0.00011686828267470341,3.4046391947012418
1.0,0.25,-4.2,6.309573444801928e-05,0.15831830771907937,-0.6833633845618412,0.31663661543815874,0.00012619146889603856,3.39953113900409
1.0,0.25,-4.166666666666666,6.812920690579622e-05,0.16881675817815323,-0.6623664836436935,0.33763351635630645,0.00013625841381159244,3.3940822228369276
1.0,0.25,-4.133333333333333,7.356422544596412e-05,0.1798626752828135,-0.640274649434373,0.359725350565627,0.00014712845089192824,3.388274382167933
1.0,0.25,-4.1,7.943282347242815e-05,0.1914649223699369,-0.6170701552601262,0.3829298447398738,0.0001588656469448563,3.3820892199935404
1.0,0.25,-4.066666666666666,8.576958985908944e-05,0.20362983926732178,-0.5927403214653564,0.40725967853464357,0.00017153917971817888,3.3755080851231756
1.0,0.25,-4.033333333333333,9.261187281287925e-05,0.21636092437375343,-0.5672781512524931,0.43272184874750685,0.0001852237456257585,3.3685121615737
1.0,0.25,-4.0,9.999999999999991e-05,0.22965852354974534,-0.5406829529005093,0.45931704709949067,0.00019999999999999982,3.361082568464705
1.0,0.25,-3.966666666666667,0.0001079775162327709,0.24351953364642043,-0.5129609327071591,0.48703906729284085,0.0002159550324655418,3.353200470059625
1.0,0.25,-3.9333333333333336,0.00011659144011798293,0.25793712925503826,-0.4841257414899235,0.5158742585100765,0.00023318288023596587,3.344847195323735
1.0,0.25,-3.9000000000000004,0.0001258925411794165,0.27290052180628616,-0.4541989563874277,0.5458010436125723,0.000251785082358833,3.336004366074346
1.0,0.25,-3.8666666666666663,0.0001359356390878526,0.28839476042096696,-0.4232104791580661,0.5767895208419339,0.0002718712781757052,3.326654032488911
1.0,0.25,-3.833333333333333,0.00014677992676220703,0.30440058385016106,-0.3911988322996779,0.6088011677003221,0.00029355985352441406,3.316778814423524
1.0,0.25,-3.8,0.0001584893192461112,0.32089433239046644,-0.3582113352190671,0.6417886647809329,0.0003169786384922224,3.306362046689513
1.0,0.25,-3.7666666666666666,0.00017113283041617796,0.337847927780615,-0.32430414443877,0.67569585556123,0.0003422656608323559,3.295387926153192
1.0,0.25,-3.7333333333333334,0.000184784979742229,0.3552289277624043,-0.28954214447519144,0.7104578555248086,0.000369569959484458,3.283841658277838
1.0,0.25,-3.7,0.00019952623149688758,0.37300066022991246,-0.2539986795401751,0.7460013204598249,0.00039905246299377516,3.271709600532425
1.0,0.25,-3.666666666666667,0.00021544346900318802,0.3911224397340555,-0.21775512053188895,0.782244879468111,0.00043088693800637603,3.2589793999624668
1.0,0.25,-3.6333333333333337,0.00023263050671536227,0.4095498666232453,-0.18090026675350945,0.8190997332464905,0.00046526101343072454,3.2456401221667464
1.0,0.25,-3.5999999999999996,0.00025118864315095817,0.4282352063834246,-0.1435295872331508,0.8564704127668492,0.0005023772863019163,3.231682368959162
1.0,0.25,-3.5666666666666664,0.0002712272579332026,0.44712784391601823,-0.10574431216796354,0.8942556878320365,0.0005424545158664052,3.217098382123063
1.0,0.25,-3.533333333333333,0.0002928644564625235,0.46617480470318395,-0.06765039059363209,0.9323496094063679,0.000585728912925047,3.2018821308875456
1.0,0.25,-3.5,0.00031622776601683783,0.48532133220836665,-0.029357335583266697,0.9706426644167333,0.0006324555320336757,3.186029381067539
1.0,0.25,-3.466666666666667,0.00034145488738335987,0.5045115085970241,0.009023017194048188,1.0090230171940482,0.0006829097747667197,3.1695377442032724
1.0,0.25,-3.4333333333333336,0.00036869450645195695,0.5236889040741632,0.04737780814832648,1.0473778081483265,0.0007373890129039139,3.152406705496394
1.0,0.25,-3.4000000000000004,0.00039810717055349676,0.5427972389334496,0.08559447786689911,1.085594477866899,0.0007962143411069935,3.1346376298517074
1.0,0.25,-3.3666666666666663,0.0004298662347082276,0.5617810418736887,0.12356208374737743,1.1235620837473774,0.0008597324694164552,3.1162337458743994
1.0,0.25,-3.333333333333333,0.00046415888336127795,0.5805862882970513,0.16117257659410256,1.1611725765941026,0.0009283177667225559,3.0972001082198832
1.0,0.25,-3.3,0.0005011872336272721,0.599161003149358,0.1983220062987161,1.198322006298716,0.0010023744672545442,3.077543539223814
1.0,0.25,-3.2666666666666666,0.0005411695265464635,0.6174558143417619,0.23491162868352378,1.2349116286835238,0.001082339053092927,3.0572725512313297
1.0,0.25,-3.2333333333333334,0.0005843414133735171,0.6354244448119127,0.2708488896238255,1.2708488896238255,0.0011686828267470342,3.0363972514774655
1.0,0.25,-3.2,0.0006309573444801923,0.653024133716969,0.306048267433938,1.306048267433938,0.0012619146889603847,3.0149292317290253
1.0,0.25,-3.166666666666667,0.0006812920690579605,0.6702159799561848,0.3404319599123695,1.3404319599123695,0.001362584138115921,2.9928814451704797
1.0,0.25,-3.1333333333333337,0.00073564225445964,0.6869652040446167,0.3739304080892334,1.3739304080892334,0.00147128450891928,2.9702680731961952
1.0,0.25,-3.0999999999999996,0.0007943282347242817,0.7032413271524229,0.40648265430484587,1.4064826543048459,0.0015886564694485635,2.947104384857045
1.0,0.25,-3.0666666666666664,0.0008576958985908939,0.7190182687510212,0.4380365375020423,1.4380365375020423,0.0017153917971817877,2.9234065917045777
1.0,0.25,-3.033333333333333,0.0009261187281287935,0.7342743666550433,0.4685487333100866,1.4685487333100866,0.001852237456257587,2.899191700687845
1.0,0.25,-3.0,0.0009999999999999994,0.7489923252324205,0.4979846504648411,1.497984650464841,0.0019999999999999987,2.8744773675976156
1.0,0.25,-2.966666666666667,0.0010797751623277082,0.7631590991196373,0.5263181982392746,1.5263181982392746,0.0021595503246554164,2.849281753333047
1.0,0.25,-2.9333333333333336,0.0011659144011798306,0.7767657209009426,0.5535314418018853,1.5535314418018853,0.002331828802359661,2.8236233850014965
1.0,0.25,-2.9000000000000004,0.001258925411794165,0.789807081892936,0.579614163785872,1.579614163785872,0.00251785082358833,2.797521023567701
1.0,0.25,-2.8666666666666663,0.0013593563908785263,0.8022816754466586,0.6045633508933173,1.6045633508933173,0.0027187127817570526,2.770993539458362
1.0,0.25,-2.833333333333333,0.0014677992676220694,0.8141913120835367,0.6283826241670734,1.6283826241670734,0.0029355985352441387,2.7440597972151934
1.0,0.25,-2.8,0.0015848931924611136,0.8255408153769477,0.6510816307538954,1.6510816307538954,0.0031697863849222273,2.7167385499849868
1.0,0.25,-2.7666666666666666,0.00171132830416178,0.8363377068420352,0.6726754136840705,1.6726754136840705,0.00342265660832356,2.6890483443485773
1.0,0.25,-2.7333333333333334,0.001847849797422289,0.8465918872685169,0.6931837745370337,1.6931837745370337,0.003695699594844578,2.661007435728592
1.0,0.25,-2.7,0.001995262314968878,0.8563153209876295,0.712630641975259,1.712630641975259,0.003990524629937756,2.632633714383642
1.0,0.25,-2.666666666666667,0.0021544346900318804,0.8655217285622823,0.7310434571245645,1.7310434571245645,0.004308869380063761,2.603944641796909
1.0,0.25,-2.6333333333333337,0.0023263050671536232,0.8742262923781656,0.7484525847563313,1.7484525847563313,0.0046526101343072465,2.5749571971010647
1.0,0.25,-2.5999999999999996,0.00251188643150958,0.8824453786331968,0.7648907572663937,1.7648907572663937,0.00502377286301916,2.545687833048706
1.0,0.25,-2.5666666666666664,0.002712272579332029,0.8901962783040714,0.7803925566081429,1.7803925566081429,0.005424545158664058,2.5161524409364864
1.0,0.25,-2.533333333333333,0.0029286445646252352,0.8974969688336953,0.7949939376673907,1.7949939376673907,0.0058572891292504705,2.486366323819319
1.0,0.25,-2.5,0.0031622776601683764,0.9043658975455691,0.8087317950911381,1.8087317950911381,0.006324555320336753,2.456344177305545
1.0,0.25,-2.466666666666667,0.003414548873833599,0.9108217871575027,0.8216435743150055,1.8216435743150055,0.006829097747667198,2.426100077201242
1.0,0.25,-2.4333333333333336,0.0036869450645195707,0.9168834632382546,0.8337669264765093,1.8337669264765093,0.0073738901290391415,2.3956474732685686
1.0,0.25,-2.4000000000000004,0.003981071705534968,0.9225697030233386,0.8451394060466773,1.8451394060466773,0.007962143411069936,2.364999188375619
1.0,0.25,-2.3666666666666663,0.004298662347082277,0.9278991046735422,0.8557982093470844,1.8557982093470844,0.008597324694164554,2.33416742234055
1.0,0.25,-2.333333333333333,0.004641588833612781,0.9328899758127375,0.8657799516254749,1.865779951625475,0.009283177667225561,2.3031637598075623
1.0,0.25,-2.3,0.005011872336272722,0.9375602400102063,0.8751204800204126,1.8751204800204126,0.010023744672545444,2.271999181534187
1.0,0.25,-2.2666666666666666,0.005411695265464637,0.9419273597662837,0.8838547195325674,1.8838547195325674,0.010823390530929273,2.2406840785157245
1.0,0.25,-2.2333333333333334,0.005843414133735173,0.9460082745081178,0.8920165490162355,1.8920165490162355,0.011686828267470346,2.2092282684217013
1.0,0.25,-2.2,0.006309573444801925,0.9498193520947177,0.8996387041894354,1.8996387041894354,0.01261914688960385,2.177641013869215
1.0,0.25,-2.166666666666667,0.006812920690579607,0.9533763523579584,0.9067527047159167,1.9067527047159167,0.013625841381159213,2.1459310421076827
1.0,0.25,-2.1333333333333337,0.007356422544596402,0.9566944012605901,0.9133888025211803,1.9133888025211803,0.014712845089192805,2.1141065657377385
1.0,0.25,-2.0999999999999996,0.007943282347242819,0.9597879743263279,0.9195759486526558,1.9195759486526558,0.015886564694485638,2.082175304133144
1.0,0.25,-2.0666666666666664,0.00857695898590894,0.9626708880846094,0.9253417761692189,1.9253417761692189,0.01715391797181788,2.050144505277949
1.0,0.25,-2.033333333333333,0.009261187281287936,0.9653562983684956,0.9307125967369911,1.9307125967369911,0.018522374562575872,2.018020967771461
1.0,0.25,-2.0,0.009999999999999995,0.9678567044042412,0.9357134088084824,1.9357134088084824,0.01999999999999999,1.985811062790632
1.0,0.25,-1.9666666666666668,0.010797751623277086,0.9701839577319766,0.9403679154639533,1.9403679154639533,0.02159550324655417,1.9535207558331489
1.0,0.25,-1.9333333333333336,0.011659144011798309,0.972349275096131,0.944698550192262,1.944698550192262,0.023318288023596617,1.921155628094875
1.0,0.25,-1.9000000000000004,0.012589254117941654,0.9743632545397994,0.9487265090795989,1.9487265090795989,0.025178508235883308,1.8887208973623748
1.0,0.25,-1.8666666666666663,0.013593563908785265,0.9762358940278197,0.9524717880556395,1.9524717880556395,0.02718712781757053,1.856221438325248
1.0,0.25,-1.833333333333333,0.014677992676220697,0.9779766120079858,0.9559532240159716,1.9559532240159716,0.029355985352441393,1.8236618022340967
1.0,0.25,-1.7999999999999998,0.01584893192461114,0.9795942693980375,0.959188538796075,1.959188538796075,0.03169786384922228,1.7910462358482562
1.0,0.25,-1.7666666666666666,0.017113283041617803,0.9810971925575678,0.9621943851151356,1.9621943851151356,0.034226566083235606,1.758378699633348
1.0,0.25,-1.7333333333333334,0.0184784979742229,0.9824931968687755,0.9649863937375509,1.964986393737551,0.0369569959484458,1.7256628851822433
1.0,0.25,-1.7000000000000002,0.019952623149688785,0.9837896106081846,0.9675792212163692,1.9675792212163692,0.03990524629937757,1.6929022318446172
1.0,0.25,-1.666666666666667,0.02154434690031881,0.9849932988433369,0.9699865976866737,1.9699865976866737,0.04308869380063762,1.6600999425599532
1.0,0.25,-1.6333333333333337,0.023263050671536226,0.9861106871343885,0.9722213742687771,1.972221374268777,0.04652610134307245,1.6272589988969586
1.0,0.25,-1.5999999999999996,0.02511886431509582,0.987147784860909,0.9742955697218181,1.974295569721818,0.05023772863019164,1.5943821753089886
1.0,0.25,-1.5666666666666664,0.02712272579332028,0.9881102080294333,0.9762204160588666,1.9762204160588666,0.05424545158664056,1.5614720526204688
1.0,0.25,-1.5333333333333332,0.029286445646252362,0.9890032014479007,0.9780064028958013,1.9780064028958013,0.058572891292504724,1.5285310307635835
1.0,0.25,-1.5,0.031622776601683784,0.9898316601794747,0.9796633203589493,1.9796633203589493,0.06324555320336757,1.4955613407878696
1.0,0.25,-1.4666666666666668,0.034145488738336,0.9906001502108003,0.9812003004216006,1.9812003004216006,0.068290977476672,1.4625650561678554
1.0,0.25,-1.4333333333333336,0.03686945064519573,0.9913129282889477,0.9826258565778954,1.9826258565778954,0.07373890129039146,1.4295441034357357
1.0,0.25,-1.4000000000000004,0.03981071705534967,0.9919739608974707,0.9839479217949414,1.9839479217949414,0.07962143411069934,1.3965002721673188
1.0,0.25,-1.3666666666666663,0.0429866234708228,0.9925869423555689,0.9851738847111378,1.9851738847111378,0.0859732469416456,1.3634352243502321
1.0,0.25,-1.333333333333333,0.046415888336127815,0.9931553120355777,0.9863106240711554,1.9863106240711554,0.09283177667225563,1.3303505031637208
1.0,0.25,-1.2999999999999998,0.05011872336272723,0.9936822707032328,0.9873645414064656,1.9873645414064656,0.10023744672545445,1.2972475411993494
1.0,0.25,-1.2666666666666666,0.05411695265464636,0.9941707959926555,0.9883415919853109,1.988341591985311,0.10823390530929272,1.2641276681516804
1.0,0.25,-1.2333333333333334,0.05843414133735174,0.9946236570339652,0.9892473140679303,1.9892473140679303,0.11686828267470348,1.230992118007464
1.0,0.25,-1.2000000000000002,0.06309573444801929,0.9950434282561392,0.9900868565122785,1.9900868565122785,0.12619146889603858,1.1978420357612143
1.0,0.25,-1.166666666666667,0.06812920690579605,0.9954325023913226,0.9908650047826453,1.9908650047826453,0.1362584138115921,1.1646784836842248
1.0,0.25,-1.1333333333333337,0.07356422544596404,0.9957931027094601,0.9915862054189202,1.9915862054189202,0.14712845089192808,1.1315024471731607
1.0,0.25,-1.0999999999999996,0.07943282347242821,0.996127294514004,0.9922545890280079,1.992254589028008,0.15886564694485641,1.0983148402033647
1.0,0.25,-1.0666666666666664,0.08576958985908942,0.9964369959306777,0.9928739918613554,1.9928739918613554,0.17153917971817884,1.0651165104109734
1.0,0.25,-1.0333333333333332,0.09261187281287935,0.9967239880219538,0.9934479760439077,1.9934479760439077,0.1852237456257587,1.031908243826845
1.0,0.25,-1.0,0.09999999999999998,0.9969899242601383,0.9939798485202767,1.9939798485202767,0.19999999999999996,0.998690769284239
1.0,0.25,-0.9666666666666668,0.10797751623277092,0.9972363393918217,0.9944726787836433,1.9944726787836433,0.21595503246554185,0.9654647625210576
1.0,0.25,-0.9333333333333336,0.11659144011798311,0.9974646577260272,0.9949293154520544,1.9949293154520544,0.23318288023596623,0.9322308499963959
1.0,0.25,-0.9000000000000004,0.12589254117941656,0.9976762008777276,0.9953524017554551,1.9953524017554551,0.2517850823588331,0.8989896124400764
1.0,0.25,-0.8666666666666663,0.13593563908785264,0.9978721949975542,0.9957443899951084,1.9957443899951084,0.2718712781757053,0.8657415881527928
1.0,0.25,-0.833333333333333,0.14677992676220702,0.9980537775175423,0.9961075550350846,1.9961075550350846,0.29355985352441405,0.8324872760734984
1.0,0.25,-0.7999999999999998,0.1584893192461114,0.9982220034416686,0.9964440068833371,1.9964440068833371,0.3169786384922228,0.7992271386296619
1.0,0.25,-0.7666666666666666,0.17113283041617808,0.9983778512087814,0.9967557024175628,1.9967557024175628,0.34226566083235616,0.7659616043851185
1.0,0.25,-0.7333333333333334,0.18478497974222904,0.9985222281543186,0.9970444563086371,1.9970444563086371,0.3695699594844581,0.7326910704993069
1.0,0.25,-0.7000000000000002,0.19952623149688783,0.9986559755959784,0.9973119511919568,1.9973119511919568,0.39905246299377567,0.6994159050108455
1.0,0.25,-0.666666666666667,0.2154434690031882,0.9987798735672792,0.9975597471345583,1.9975597471345583,0.4308869380063764,0.6661364489575725
1.0,0.25,-0.6333333333333337,0.23263050671536237,0.9988946452216978,0.9977892904433956,1.9977892904433956,0.46526101343072473,0.6328530183444061
1.0,0.25,-0.5999999999999996,0.2511886431509582,0.9990009609288781,0.9980019218577563,1.9980019218577563,0.5023772863019164,0.5995659059696342
1.0,0.25,-0.5666666666666664,0.27122725793320296,0.999099442083203,0.998198884166406,1.998198884166406,0.5424545158664059,0.5662753831195629
1.0,0.25,-0.5333333333333332,0.2928644564625237,0.9991906646438666,0.9983813292877333,1.9983813292877333,0.5857289129250474,0.5329817011407707
1.0,0.25,-0.5,0.3162277660168379,0.9992751624244741,0.9985503248489482,1.9985503248489482,0.6324555320336758,0.49968509289863067
1.0,0.25,-0.4666666666666668,0.34145488738336005,0.9993534301491082,0.9987068602982163,1.9987068602982163,0.6829097747667201,0.46638577413014787
1.0,0.25,-0.43333333333333357,0.3686945064519573,0.9994259262907762,0.9988518525815524,1.9988518525815524,0.7373890129039146,0.4330839446986317
1.0,0.25,-0.40000000000000036,0.39810717055349687,0.999493075707166,0.9989861514143319,1.998986151414332,0.7962143411069937,0.39977978975720213
1.0,0.25,-0.36666666666666625,0.42986623470822805,0.999555272087687,0.999110544175374,1.999110544175374,0.8597324694164561,0.36647348082764813
1.0,0.25,-0.33333333333333304,0.46415888336127814,0.9996128802248972,0.9992257604497945,1.9992257604497945,0.9283177667225563,0.3331651768007103
1.0,0.25,-0.2999999999999998,0.5011872336272725,0.9996662381225515,0.999332476245103,1.999332476245103,1.002374467254545,0.29985502486342136
1.0,0.25,-0.2666666666666666,0.5411695265464637,0.9997156589517172,0.9994313179034344,1.9994313179034344,1.0823390530929273,0.26654316135877226
1.0,0.25,-0.2333333333333334,0.5843414133735175,0.9997614328656431,0.9995228657312862,1.9995228657312862,1.168682826747035,0.23322971258257444
1.0,0.25,-0.20000000000000018,0.6309573444801929,0.9998038286833509,0.9996076573667019,1.9996076573667019,1.2619146889603858,0.19991479552206123
1.0,0.25,-0.16666666666666696,0.6812920690579608,0.9998430954512534,0.9996861909025068,1.9996861909025068,1.3625841381159216,0.1665985185404455
1.0,0.25,-0.13333333333333375,0.7356422544596406,0.9998794638914673,0.9997589277829346,1.9997589277829346,1.4712845089192812,0.1332809820113522
1.0,0.25,-0.09999999999999964,0.7943282347242822,0.9999131477448981,0.9998262954897963,1.9998262954897963,1.5886564694485643,0.09996227890676337
1.0,0.25,-0.06666666666666643,0.8576958985908946,0.9999443450166229,0.9998886900332458,1.9998886900332458,1.7153917971817891,0.06664249534186177
1.0,0.25,-0.033333333333333215,0.9261187281287937,0.9999732391305676,0.9999464782611351,1.9999464782611351,1.8522374562575874,0.033321711079896246
1.0,0.25,0.0,1.0,1.0,1.0,2.0,2.0,0.0
1.0,0.5,-8.0,9.999999999999982e-09,5.459812076956151e-07,-0.9999989080375846,1.0919624153912301e-06,1.9999999999999964e-08,1.7371776948392617
1.0,0.5,-7.966666666666667,1.0797751623277061e-08,5.895369219599978e-07,-0.9999988209261561,1.1790738439199957e-06,2.1595503246554123e-08,1.7371776762697038
1.0,0.5,-7.933333333333334,1.1659144011798304e-08,6.365672962178522e-07,-0.9999987268654076,1.2731345924357045e-06,2.3318288023596607e-08,1.7371776562187569
1.0,0.5,-7.9,1.2589254117941638e-08,6.873495213402909e-07,-0.9999986253009573,1.3746990426805817e-06,2.5178508235883276e-08,1.737177634568244
1.0,0.5,-7.866666666666666,1.3593563908785248e-08,7.421829010300421e-07,-0.999998515634198,1.4843658020600842e-06,2.7187127817570496e-08,1.7371776111905588
1.0,0.5,-7.833333333333333,1.4677992676220664e-08,8.013906158570702e-07,-0.9999983972187683,1.6027812317141404e-06,2.9355985352441327e-08,1.7371775859479166
1.0,0.5,-7.8,1.5848931924611133e-08,8.653216280172764e-07,-0.999998269356744,1.7306432560345528e-06,3.1697863849222266e-08,1.7371775586915401
1.0,0.5,-7.766666666666667,1.711328304161778e-08,9.343527380399135e-07,-0.999998131294524,1.868705476079827e-06,3.422656608323556e-08,1.7371775292607838
1.0,0.5,-7.733333333333333,1.8478497974222853e-08,1.0088908055648928e-06,-0.9999979822183889,2.0177816111297856e-06,3.695699594844571e-08,1.737177497482186
1.0,0.5,-7.7,1.9952623149688776e-08,1.0893751472779052e-06,-0.9999978212497055,2.1787502945558104e-06,3.990524629937755e-08,1.7371774631684485
1.0,0.5,-7.666666666666667,2.1544346900318783e-08,1.1762801261353669e-06,-0.9999976474397477,2.3525602522707337e-06,4.3088693800637566e-08,1.7371774261173296
1.0,0.5,-7.633333333333334,2.3263050671536165e-08,1.2701179471383767e-06,-0.9999974597641057,2.5402358942767534e-06,4.652610134307233e-08,1.7371773861104558
1.0,0.5,-7.6,2.511886431509575e-08,1.3714416761320458e-06,-0.9999972571166478,2.7428833522640915e-06,5.02377286301915e-08,1.7371773429120307
1.0,0.5,-7.566666666666666,2.7122725793320284e-08,1.480848499420715e-06,-0.9999970383030011,2.96169699884143e-06,5.424545158664057e-08,1.7371772962674494
1.0,0.5,-7.533333333333333,2.928644564625232e-08,1.5989832434087196e-06,-0.9999968020335132,3.197966486817439e-06,5.857289129250464e-08,1.7371772459017947
1.0,0.5,-7.5,3.16227766016837e-08,1.7265421750084501e-06,-0.99999654691565,3.4530843500169002e-06,6.32455532033674e-08,1.7371771915182181
1.0,0.5,-7.466666666666667,3.4145488738335984e-08,1.8642771052118734e-06,-0.9999962714457896,3.7285542104237468e-06,6.829097747667197e-08,1.7371771327961905
1.0,0.5,-7.433333333333334,3.6869450645195665e-08,2.012999820007914e-06,-0.99999597400036,4.025999640015828e-06,7.373890129039133e-08,1.7371770693896127
1.0,0.5,-7.4,3.981071705534957e-08,2.1735868647571433e-06,-0.9999956528262705,4.347173729514287e-06,7.962143411069914e-08,1.7371770009247753
1.0,0.5,-7.366666666666667,4.298662347082269e-08,2.3469847102172825e-06,-0.9999953060305795,4.693969420434565e-06,8.597324694164538e-08,1.7371769269981558
1.0,0.5,-7.333333333333333,4.6415888336127794e-08,2.534215330662108e-06,-0.9999949315693387,5.068430661324216e-06,9.283177667225559e-08,1.7371768471740434
1.0,0.5,-7.3,5.0118723362727164e-08,2.7363822269640076e-06,-0.999994527235546,5.472764453928015e-06,1.0023744672545433e-07,1.737176760981965
1.0,0.5,-7.266666666666667,5.4116952654646214e-08,2.9546769301319608e-06,-0.9999940906461398,5.9093538602639215e-06,1.0823390530929243e-07,1.7371766679139196
1.0,0.5,-7.233333333333333,5.843414133735172e-08,3.1903860236272937e-06,-0.9999936192279527,6.3807720472545875e-06,1.1686828267470343e-07,1.7371765674213775
1.0,0.5,-7.2,6.309573444801918e-08,3.44489872583543e-06,-0.9999931102025483,6.88979745167086e-06,1.2619146889603835e-07,1.737176458912053
1.0,0.5,-7.166666666666667,6.812920690579586e-08,3.7197150773722317e-06,-0.9999925605698452,7.439430154744463e-06,1.3625841381159173e-07,1.73717634174641
1.0,0.5,-7.133333333333333,7.3564225445964e-08,4.016454781465551e-06,-0.999991967090437,8.032909562931102e-06,1.47128450891928e-07,1.737176215233894
1.0,0.5,-7.1,7.943282347242818e-08,4.336866749500187e-06,-0.999991326266501,8.673733499000374e-06,1.5886564694485636e-07,1.737176078628863
1.0,0.5,-7.066666666666666,8.576958985908931e-08,4.682839407967284e-06,-0.9999906343211841,9.365678815934569e-06,1.7153917971817862e-07,1.7371759311261918
1.0,0.5,-7.033333333333333,9.26118728128791e-08,5.056411827544334e-06,-0.999989887176345,1.0112823655088668e-05,1.852237456257582e-07,1.7371757718565277
1.0,0.5,-7.0,9.999999999999994e-08,5.459785739872896e-06,-0.9999890804285203,1.0919571479745792e-05,1.9999999999999989e-07,1.737175599881165
1.0,0.5,-6.966666666666667,1.0797751623277074e-07,5.895338512829782e-06,-0.9999882093229744,1.1790677025659565e-05,2.1595503246554147e-07,1.737175414186517
1.0,0.5,-6.933333333333334,1.1659144011798295e-07,6.36563716073111e-06,-0.9999872687256786,1.273127432146222e-05,2.331828802359659e-07,1.737175213678137
1.0,0.5,-6.9,1.258925411794165e-07,6.8734534720026835e-06,-0.999986253093056,1.3746906944005367e-05,2.51785082358833e-07,1.737174997174273
1.0,0.5,-6.866666666666667,1.3593563908785213e-07,7.421780343429559e-06,-0.9999851564393132,1.4843560686859119e-05,2.7187127817570427e-07,1.737174763398899
1.0,0.5,-6.833333333333333,1.467799267622068e-07,8.013849417201398e-06,-0.9999839723011656,1.6027698834402795e-05,2.935598535244136e-07,1.7371745109741978
1.0,0.5,-6.8,1.5848931924611122e-07,8.65315012463881e-06,-0.9999826936997507,1.730630024927762e-05,3.1697863849222245e-07,1.7371742384124398
1.0,0.5,-6.766666666666667,1.7113283041617799e-07,9.343450248766898e-06,-0.9999813130995024,1.8686900497533796e-05,3.4226566083235597e-07,1.7371739441072154
1.0,0.5,-6.733333333333333,1.8478497974222871e-07,1.0088818126840487e-05,-0.9999798223637463,2.0177636253680974e-05,3.6956995948445743e-07,1.7371736263239679
1.0,0.5,-6.7,1.995262314968876e-07,1.0893646623577337e-05,-0.9999782127067528,2.1787293247154674e-05,3.990524629937752e-07,1.7371732831897713
1.0,0.5,-6.666666666666667,2.1544346900318806e-07,1.1762679016274153e-05,-0.9999764746419675,2.3525358032548307e-05,4.308869380063761e-07,1.737172912682293
1.0,0.5,-6.633333333333333,2.3263050671536233e-07,1.2701036944229535e-05,-0.9999745979261115,2.540207388845907e-05,4.6526101343072466e-07,1.7371725126178752
1.0,0.5,-6.6,2.511886431509578e-07,1.3714250587040585e-05,-0.9999725714988259,2.742850117408117e-05,5.023772863019156e-07,1.7371720806386672
1.0,0.5,-6.566666666666666,2.7122725793320264e-07,1.4808291249449999e-05,-0.9999703834175011,2.9616582498899998e-05,5.424545158664053e-07,1.737171614198731
1.0,0.5,-6.533333333333333,2.9286445646252357e-07,1.5989606544572864e-05,-0.9999680207869108,3.197921308914573e-05,5.857289129250471e-07,1.737171110549035
1.0,0.5,-6.5,3.1622776601683734e-07,1.7265158382609475e-05,-0.9999654696832347,3.453031676521895e-05,6.324555320336747e-07,1.7371705667212587
1.0,0.5,-6.466666666666667,3.414548873833596e-07,1.8642463988643444e-05,-0.9999627150720227,3.728492797728689e-05,6.829097747667192e-07,1.7371699795102982
1.0,0.5,-6.433333333333334,3.686945064519571e-07,2.012964019092623e-05,-0.9999597407196181,4.025928038185246e-05,7.373890129039142e-07,1.737169345455379
1.0,0.5,-6.4,3.9810717055349613e-07,2.1735451240268093e-05,-0.9999565290975194,4.347090248053619e-05,7.962143411069923e-07,1.737168660819665
1.0,0.5,-6.366666666666667,4.298662347082266e-07,2.3469360441897905e-05,-0.9999530612791162,4.693872088379581e-05,8.597324694164532e-07,1.7371679215682385
1.0,0.5,-6.333333333333333,4.641588833612777e-07,2.5341585903545238e-05,-0.9999493168281929,5.0683171807090475e-05,9.283177667225554e-07,1.7371671233443218
1.0,0.5,-6.3,5.011872336272722e-07,2.736316072766691e-05,-0.9999452736785447,5.472632145533382e-05,1.0023744672545444e-06,1.7371662614436099
1.0,0.5,-6.266666666666667,5.411695265464628e-07,2.9545998001824247e-05,-0.9999409080039964,5.9091996003648495e-05,1.0823390530929255e-06,1.7371653307865493
1.0,0.5,-6.233333333333333,5.843414133735168e-07,3.1902960969372464e-05,-0.9999361940780612,6.380592193874493e-05,1.1686828267470336e-06,1.7371643258884104
1.0,0.5,-6.2,6.309573444801925e-07,3.444793879300607e-05,-0.999931104122414,6.889587758601214e-05,1.261914688960385e-06,1.7371632408269697
1.0,0.5,-6.166666666666667,6.812920690579595e-07,3.719592835650118e-05,-0.999925608143287,7.439185671300236e-05,1.362584138115919e-06,1.7371620692076206
1.0,0.5,-6.133333333333333,7.356422544596409e-07,4.016312258538007e-05,-0.9999196737548293,8.032624517076013e-05,1.4712845089192818e-06,1.737160804125697
1.0,0.5,-6.1,7.943282347242812e-07,4.336700580541374e-05,-0.9999132659883891,8.673401161082748e-05,1.5886564694485625e-06,1.7371594381257953
1.0,0.5,-6.066666666666666,8.57695898590894e-07,4.682645669908974e-05,-0.9999063470866019,9.365291339817948e-05,1.715391797181788e-06,1.7371579631578542
1.0,0.5,-6.033333333333333,9.261187281287921e-07,5.056185946463267e-05,-0.9998988762810708,0.00010112371892926534,1.8522374562575842e-06,1.7371563705297306
1.0,0.5,-6.0,9.999999999999987e-07,5.459522383014623e-05,-0.9998908095523397,0.00010919044766029246,1.9999999999999974e-06,1.7371546508559974
1.0,0.5,-5.966666666666667,1.0797751623277085e-06,5.8950314627201696e-05,-0.9998820993707456,0.00011790062925440339,2.159550324655417e-06,1.7371527940026594
1.0,0.5,-5.933333333333334,1.1659144011798289e-06,6.365279168404428e-05,-0.999872694416632,0.00012730558336808857,2.3318288023596577e-06,1.7371507890274591
1.0,0.5,-5.9,1.2589254117941644e-06,6.873036085882205e-05,-0.9998625392782824,0.0001374607217176441,2.517850823588329e-06,1.73714862411543
1.0,0.5,-5.866666666666667,1.359356390878523e-06,7.421293709822138e-05,-0.9998515741258036,0.00014842587419644276,2.718712781757046e-06,1.7371462865093097
1.0,0.5,-5.833333333333334,1.4677992676220643e-06,8.013282047697663e-05,-0.999839734359046,0.00016026564095395325,2.9355985352441286e-06,1.7371437624344095
1.0,0.5,-5.8,1.5848931924611111e-06,8.652488624930041e-05,-0.9998269502275015,0.00017304977249860083,3.1697863849222222e-06,1.7371410370174964
1.0,0.5,-5.766666666666667,1.7113283041617788e-06,9.342679002478764e-05,-0.9998131464199504,0.00018685358004957527,3.4226566083235577e-06,1.7371380941992107
1.0,0.5,-5.733333333333333,1.8478497974222894e-06,0.00010087918926923401,-0.9997982416214616,0.00020175837853846803,3.6956995948445787e-06,1.737134916639509
1.0,0.5,-5.7,1.995262314968875e-06,0.00010892598242555258,-0.9997821480351489,0.00021785196485110515,3.99052462993775e-06,1.737131485615571
1.0,0.5,-5.666666666666666,2.154434690031883e-06,0.00011761456705212244,-0.9997647708658958,0.00023522913410424487,4.308869380063766e-06,1.7371277809115766
1.0,0.5,-5.633333333333333,2.326305067153626e-06,0.0001269961184859888,-0.999746007763028,0.0002539922369719776,4.652610134307252e-06,1.7371237806997042
1.0,0.5,-5.6,2.5118864315095806e-06,0.00013712589065699224,-0.999725748218686,0.00027425178131398447,5.023772863019161e-06,1.7371194614116516
1.0,0.5,-5.566666666666666,2.7122725793320246e-06,0.0001480635408067381,-0.9997038729183865,0.0002961270816134762,5.424545158664049e-06,1.7371147975999277
1.0,0.5,-5.533333333333333,2.9286445646252336e-06,0.00015987348000407278,-0.9996802530399919,0.00031974696000814555,5.857289129250467e-06,1.7371097617881022
1.0,0.5,-5.5,3.162277660168377e-06,0.00017262525149707526,-0.9996547494970058,0.0003452505029941505,6.324555320336754e-06,1.7371043243091355
1.0,0.5,-5.466666666666667,3.414548873833594e-06,0.000186393939101368,-0.9996272121217973,0.000372787878202736,6.829097747667188e-06,1.7370984531308422
1.0,0.5,-5.433333333333334,3.686945064519568e-06,0.00020126060799657773,-0.9995974787840068,0.00040252121599315547,7.373890129039136e-06,1.737092113667468
1.0,0.5,-5.4,3.981071705534966e-06,0.00021731278048795505,-0.999565374439024,0.0004346255609759101,7.962143411069931e-06,1.737085268576279
1.0,0.5,-5.366666666666667,4.2986623470822705e-06,0.00023464494948947345,-0.999530710101021,0.0004692898989789469,8.597324694164541e-06,1.7370778775379687
1.0,0.5,-5.333333333333334,4.641588833612765e-06,0.0002533591326991194,-0.9994932817346017,0.0005067182653982388,9.28317766722553e-06,1.7370698970196115
1.0,0.5,-5.3,5.011872336272718e-06,0.00027356547066772444,-0.9994528690586646,0.0005471309413354489,1.0023744672545436e-05,1.7370612800187668
1.0,0.5,-5.266666666666667,5.4116952654646334e-06,0.0002953828722106274,-0.9994092342555787,0.0005907657444212548,1.0823390530929267e-05,1.7370519757872536
1.0,0.5,-5.233333333333333,5.843414133735164e-06,0.00031893971087799624,-0.999362120578244,0.0006378794217559925,1.1686828267470328e-05,1.7370419295329749
1.0,0.5,-5.2,6.309573444801921e-06,0.0003443745764859498,-0.9993112508470281,0.0006887491529718996,1.2619146889603842e-05,1.7370310820980657
1.0,0.5,-5.166666666666666,6.812920690579614e-06,0.0003718370860181733,-0.9992563258279636,0.0007436741720363466,1.3625841381159229e-05,1.737019369611489
1.0,0.5,-5.133333333333333,7.356422544596417e-06,0.000401488758537823,-0.9991970224829243,0.000802977517075646,1.4712845089192834e-05,1.7370067231140618
1.0,0.5,-5.1,7.943282347242806e-06,0.00043350395910371123,-0.9991329920817926,0.0008670079182074225,1.5886564694485613e-05,1.736993068153737
1.0,0.5,-5.066666666666666,8.576958985908935e-06,0.0004680709170645864,-0.9990638581658708,0.0009361418341291728,1.715391797181787e-05,1.7369783243487966
1.0,0.5,-5.033333333333333,9.26118728128793e-06,0.0005053928245123695,-0.9989892143509752,0.001010785649024739,1.852237456257586e-05,1.736962404916428
1.0,0.5,-5.0,9.99999999999998e-06,0.0005456890211111917,-0.9989086219577776,0.0010913780422223834,1.999999999999996e-05,1.7369452161639574
1.0,0.5,-4.966666666666667,1.0797751623277078e-05,0.0005891962719856671,-0.9988216074560287,0.0011783925439713342,2.1595503246554156e-05,1.7369266569398143
1.0,0.5,-4.933333333333334,1.16591440117983e-05,0.0006361701458508002,-0.9987276597082984,0.0012723402917016004,2.33182880235966e-05,1.7369066180410562
1.0,0.5,-4.9,1.2589254117941658e-05,0.0006868865010991484,-0.9986262269978017,0.0013737730021982969,2.5178508235883316e-05,1.7368849815740512
1.0,0.5,-4.866666666666667,1.359356390878522e-05,0.0007416430881299875,-0.9985167138237401,0.001483286176259975,2.718712781757044e-05,1.7368616202646572
1.0,0.5,-4.833333333333334,1.467799267622066e-05,0.0008007612768122139,-0.9983984774463756,0.0016015225536244277,2.935598535244132e-05,1.7368363967139433
1.0,0.5,-4.8,1.584893192461113e-05,0.0008645879186192389,-0.9982708241627615,0.0017291758372384779,3.169786384922226e-05,1.7368091625952076
1.0,0.5,-4.766666666666667,1.7113283041617806e-05,0.0009334973536619651,-0.9981330052926761,0.0018669947073239302,3.422656608323561e-05,1.73677975778772
1.0,0.5,-4.733333333333333,1.847849797422288e-05,0.0010078935735766544,-0.9979842128528467,0.002015787147153309,3.695699594844576e-05,1.7367480094422691
1.0,0.5,-4.7,1.995262314968877e-05,0.0010882125519995748,-0.9978235748960008,0.0021764251039991496,3.990524629937754e-05,1.7367137309732252
1.0,0.5,-4.666666666666666,2.1544346900318854e-05,0.0011749247551811044,-0.9976501504896378,0.002349849510362209,4.308869380063771e-05,1.7366767209714296
1.0,0.5,-4.633333333333333,2.3263050671536243e-05,0.0012685378461594092,-0.9974629243076811,0.0025370756923188183,4.6526101343072485e-05,1.7366367620318042
1.0,0.5,-4.6,2.5118864315095788e-05,0.0013695995968286906,-0.9972608008063426,0.0027391991936573813,5.0237728630191576e-05,1.7365936194891087
1.0,0.5,-4.566666666666666,2.7122725793320276e-05,0.0014787010231993437,-0.9970425979536013,0.0029574020463986874,5.424545158664055e-05,1.7365470400547982
1.0,0.5,-4.533333333333333,2.9286445646252367e-05,0.0015964797601573579,-0.9968070404796853,0.0031929595203147158,5.8572891292504734e-05,1.7364967503474167
1.0,0.5,-4.5,3.162277660168375e-05,0.0017236236930864327,-0.9965527526138271,0.0034472473861728655,6.32455532033675e-05,1.7364424553084021
1.0,0.5,-4.466666666666667,3.4145488738335975e-05,0.0018608748648172222,-0.9962782502703655,0.0037217497296344443,6.829097747667195e-05,1.7363838364946005
1.0,0.5,-4.433333333333334,3.686945064519572e-05,0.002009033677510951,-0.9959819326449781,0.004018067355021902,7.373890129039145e-05,1.7363205502381684
1.0,0.5,-4.4,3.9810717055349634e-05,0.002168963410265412,-0.9956620731794692,0.004337926820530824,7.962143411069927e-05,1.736252225663866
1.0,0.5,-4.366666666666667,4.2986623470822677e-05,0.0023415950744447166,-0.9953168098511106,0.004683190148889433,8.597324694164535e-05,1.736178462553058
1.0,0.5,-4.333333333333334,4.64158883361277e-05,0.0025279326299727923,-0.9949441347400544,0.005055865259945585,9.28317766722554e-05,1.7360988290429968
1.0,0.5,-4.3,5.011872336272724e-05,0.002729058587085761,-0.9945418828258284,0.005458117174171522,0.00010023744672545448,1.7360128591491713
1.0,0.5,-4.266666666666667,5.41169526546463e-05,0.002946140019297786,-0.9941077199614045,0.005892280038595572,0.0001082339053092926,1.7359200500976975
1.0,0.5,-4.233333333333333,5.8434141337351704e-05,0.003180435014584818,-0.9936391299708304,0.006360870029169636,0.00011686828267470341,1.735819859453854
1.0,0.5,-4.2,6.309573444801928e-05,0.0034332995930124355,-0.9931334008139752,0.006866599186024871,0.00012619146889603856,1.735711702031961
1.0,0.5,-4.166666666666666,6.812920690579622e-05,0.0037061951202067385,-0.9925876097595865,0.007412390240413477,0.00013625841381159244,1.7355949465708638
1.0,0.5,-4.133333333333333,7.356422544596412e-05,0.004000696247163307,-0.9919986075056734,0.008001392494326614,0.00014712845089192824,1.7354689121583051
1.0,0.5,-4.1,7.943282347242815e-05,0.004318499407878471,-0.991363001184243,0.008636998815756943,0.0001588656469448563,1.7353328643864365
1.0,0.5,-4.066666666666666,8.576958985908944e-05,0.0046614319071296775,-0.9906771361857406,0.009322863814259355,0.00017153917971817888,1.7351860112197044
1.0,0.5,-4.033333333333333,9.261187281287925e-05,0.0050314616313845775,-0.9899370767372309,0.010062923262769155,0.0001852237456257585,1.7350274985552485
1.0,0.5,-4.0,9.999999999999991e-05,0.005430707416226323,-0.9891385851675474,0.010861414832452647,0.00019999999999999982,1.7348564054548858
1.0,0.5,-3.966666666666667,0.0001079775162327709,0.005861450103784166,-0.9882770997924317,0.011722900207568332,0.0002159550324655418,1.7346717390266417
1.0,0.5,-3.9333333333333336,0.00011659144011798293,0.006326144323379691,-0.9873477113532406,0.012652288646759382,0.00023318288023596587,1.7344724289327085
1.0,0.5,-3.9000000000000004,0.0001258925411794165,0.006827431027854214,-0.9863451379442916,0.013654862055708428,0.000251785082358833,1.734257321499634
1.0,0.5,-3.8666666666666663,0.0001359356390878526,0.007368150816733142,-0.9852636983665337,0.014736301633466283,0.0002718712781757052,1.7340251734054912
1.0,0.5,-3.833333333333333,0.00014677992676220703,0.007951358075392977,-0.984097283849214,0.015902716150785954,0.00029355985352441406,1.7337746449178042
1.0,0.5,-3.8,0.0001584893192461112,0.008580335956594498,-0.982839328086811,0.017160671913188996,0.0003169786384922224,1.7335042926550848
1.0,0.5,-3.7666666666666666,0.00017113283041617796,0.009258612226979252,-0.9814827755460415,0.018517224453958505,0.0003422656608323559,1.7332125618440342
1.0,0.5,-3.7333333333333334,0.000184784979742229,0.009989975996224061,-0.9800200480075518,0.019979951992448123,0.000369569959484458,1.7328977780438037
1.0,0.5,-3.7,0.00019952623149688758,0.010778495340313655,-0.9784430093193727,0.02155699068062731,0.00039905246299377516,1.7325581383082225
1.0,0.5,-3.666666666666667,0.00021544346900318802,0.011628535822602615,-0.9767429283547948,0.02325707164520523,0.00043088693800637603,1.7321917017566464
1.0,0.5,-3.6333333333333337,0.00023263050671536227,0.01254477990674745,-0.9749104401865051,0.0250895598134949,0.00046526101343072454,1.7317963795241313
1.0,0.5,-3.5999999999999996,0.00025118864315095817,0.013532247243921372,-0.9729355055121572,0.027064494487842743,0.0005023772863019163,1.731369924061982
1.0,0.5,-3.5666666666666664,0.0002712272579332026,0.014596315802669553,-0.9708073683946609,0.029192631605339105,0.0005424545158664052,1.7309099177605554
1.0,0.5,-3.533333333333333,0.0002928644564625235,0.015742743792986895,-0.9685145124140262,0.03148548758597379,0.000585728912925047,1.7304137608674857
1.0,0.5,-3.5,0.00031622776601683783,0.01697769231633445,-0.9660446153673311,0.0339553846326689,0.0006324555320336757,1.7298786586763932
1.0,0.5,-3.466666666666667,0.00034145488738335987,0.018307748649961392,-0.9633845027000772,0.036615497299922785,0.0006829097747667197,1.7293016079637615
1.0,0.5,-3.4333333333333336,0.00036869450645195695,0.019739950046644306,-0.9605200999067114,0.03947990009328861,0.0007373890129039139,1.7286793826550886
1.0,0.5,-3.4000000000000004,0.00039810717055349676,0.02128180789935295,-0.9574363842012941,0.0425636157987059,0.0007962143411069935,1.7280085187058116
1.0,0.5,-3.3666666666666663,0.0004298662347082276,0.022941332083950643,-0.9541173358320987,0.04588266416790129,0.0008597324694164552,1.7272852981880247
1.0,0.5,-3.333333333333333,0.00046415888336127795,0.024727055251377656,-0.9505458894972447,0.04945411050275531,0.0009283177667225559,1.7265057325807713
1.0,0.5,-3.3,0.0005011872336272721,0.026648056793408963,-0.946703886413182,0.05329611358681793,0.0010023744672545442,1.72566554526995
1.0,0.5,-3.2666666666666666,0.0005411695265464635,0.028713986152610078,-0.9425720276947799,0.057427972305220155,0.001082339053092927,1.7247601532737473
1.0,0.5,-3.2333333333333334,0.0005843414133735171,0.030935085087185253,-0.9381298298256295,0.061870170174370506,0.0011686828267470342,1.7237846482212495
1.0,0.5,-3.2,0.0006309573444801923,0.03332220843476048,-0.9333555831304791,0.06664441686952095,0.0012619146889603847,1.722733776625711
1.0,0.5,-3.166666666666667,0.0006812920690579605,0.035886842845632774,-0.9282263143087345,0.07177368569126555,0.001362584138115921,1.7216019195100378
1.0,0.5,-3.1333333333333337,0.00073564225445964,0.03864112287569859,-0.9227177542486028,0.07728224575139718,0.00147128450891928,1.7203830714606985
1.0,0.5,-3.0999999999999996,0.0007943282347242817,0.041597843742425505,-0.916804312515149,0.08319568748485101,0.0015886564694485635,1.7190708192075939
1.0,0.5,-3.0666666666666664,0.0008576958985908939,0.04477046995444098,-0.910459060091118,0.08954093990888196,0.0017153917971817877,1.7176583198517479
1.0,0.5,-3.033333333333333,0.0009261187281287935,0.04817313892755643,-0.9036537221448872,0.09634627785511286,0.001852237456257587,1.7161382788900903
1.0,0.5,-3.0,0.0009999999999999994,0.051820658598751956,-0.8963586828024961,0.10364131719750391,0.0019999999999999987,1.714502928217274
1.0,0.5,-2.966666666666667,0.0010797751623277082,0.055728497946852376,-0.8885430041062953,0.11145699589370475,0.0021595503246554164,1.7127440043185131
1.0,0.5,-2.9333333333333336,0.0011659144011798306,0.059912769226993054,-0.8801744615460139,0.11982553845398611,0.002331828802359661,1.710852726904799
1.0,0.5,-2.9000000000000004,0.001258925411794165,0.0643902006289892,-0.8712195987420216,0.1287804012579784,0.00251785082358833,1.7088197782824832
1.0,0.5,-2.8666666666666663,0.0013593563908785263,0.06917809798173266,-0.8616438040365346,0.13835619596346532,0.0027187127817570526,1.7066352837929186
1.0,0.5,-2.833333333333333,0.0014677992676220694,0.07429429405206935,-0.8514114118958613,0.1485885881041387,0.0029355985352441387,1.7042887937041657
1.0,0.5,-2.8,0.0015848931924611136,0.07975708393365391,-0.8404858321326922,0.15951416786730782,0.0031697863849222273,1.7017692669852162
1.0,0.5,-2.7666666666666666,0.00171132830416178,0.08558514499647045,-0.8288297100070591,0.1711702899929409,0.00342265660832356,1.6990650574429145
1.0,0.5,-2.7333333333333334,0.001847849797422289,0.09179743987959708,-0.8164051202408058,0.18359487975919417,0.003695699594844578,1.6961639027517015
1.0,0.5,-2.7,0.001995262314968878,0.09841310106786025,-0.8031737978642794,0.1968262021357205,0.003990524629937756,1.6930529169551725
1.0,0.5,-2.666666666666667,0.0021544346900318804,0.10545129570755986,-0.7890974085848803,0.21090259141511972,0.004308869380063761,1.6897185870644698
1.0,0.5,-2.6333333333333337,0.0023263050671536232,0.11293106949822444,-0.7741378610035511,0.22586213899644889,0.0046526101343072465,1.686146774419772
1.0,0.5,-2.5999999999999996,0.00251188643150958,0.12087116875718047,-0.7582576624856391,0.24174233751436094,0.00502377286301916,1.6823227215151726
1.0,0.5,-2.5666666666666664,0.002712272579332029,0.1292898401018499,-0.7414203197963002,0.2585796802036998,0.005424545158664058,1.6782310650113559
1.0,0.5,-2.533333333333333,0.0029286445646252352,0.1382046076400151,-0.7235907847199698,0.2764092152800302,0.0058572891292504705,1.673855855671626
1.0,0.5,-2.5,0.0031622776601683764,0.14763202810742235,-0.7047359437851552,0.2952640562148447,0.006324555320336753,1.6691805859517534
1.0,0.5,-2.466666666666667,0.003414548873833599,0.1575874250482119,-0.6848251499035762,0.3151748500964238,0.006829097747667198,1.664188225949264
1.0,0.5,-2.4333333333333336,0.0036869450645195707,0.16808460389527383,-0.6638307922094524,0.33616920779054765,0.0073738901290391415,1.658861268369793
1.0,0.5,-2.4000000000000004,0.003981071705534968,0.17913555066726575,-0.6417288986654686,0.3582711013345315,0.007962143411069936,1.6531817830935176
1.0,0.5,-2.3666666666666663,0.004298662347082277,0.1907501179419523,-0.6184997641160954,0.3815002358839046,0.008597324694164554,1.647131481820574
1.0,0.5,-2.333333333333333,0.004641588833612781,0.20293570276861533,-0.5941285944627693,0.40587140553723067,0.009283177667225561,1.6406917931383131
1.0,0.5,-2.3,0.005011872336272722,0.21569692221318618,-0.5686061555736277,0.43139384442637235,0.010023744672545444,1.6338439481838332
1.0,0.5,-2.2666666666666666,0.005411695265464637,0.22903529324659708,-0.5419294135068058,0.45807058649319415,0.010823390530929273,1.6265690768721661
1.0,0.5,-2.2333333333333334,0.005843414133735173,0.24294892463861387,-0.5141021507227723,0.48589784927722773,0.011686828267470346,1.6188483144250951
1.0,0.5,-2.2,0.006309573444801925,0.257432229347104,-0.48513554130579195,0.514864458694208,0.01261914688960385,1.6106629176708698
1.0,0.5,-2.166666666666667,0.006812920690579607,0.2724756665316537,-0.45504866693669255,0.5449513330633075,0.013625841381159213,1.6019943902962177
1.0,0.5,-2.1333333333333337,0.007356422544596402,0.28806552270365465,-0.4238689545926907,0.5761310454073093,0.014712845089192805,1.5928246159262696
1.0,0.5,-2.0999999999999996,0.007943282347242819,0.3041837415873935,-0.39163251682521305,0.608367483174787,0.015886564694485638,1.5831359975947656
1.0,0.5,-2.0666666666666664,0.00857695898590894,0.3208078119505511,-0.35838437609889784,0.6416156239011022,0.01715391797181788,1.5729116018576872
1.0,0.5,-2.033333333333333,0.009261187281287936,0.33791072192324223,-0.32417855615351554,0.6758214438464845,0.018522374562575872,1.5621353055113771
1.0,0.5,-2.0,0.009999999999999995,0.35546098713664664,-0.2890780257267067,0.7109219742732933,0.01999999999999999,1.5507919426156616
1.0,0.5,-1.9666666666666668,0.010797751623277086,0.3734227583743865,-0.253154483251227,0.746845516748773,0.02159550324655417,1.5388674493081684
1.0,0.5,-1.9333333333333336,0.011659144011798309,0.39175601236959384,-0.21648797526081232,0.7835120247391877,0.023318288023596617,1.5263490037423741
1.0,0.5,-1.9000000000000004,0.012589254117941654,0.4104168269568981,-0.17916634608620385,0.8208336539137961,0.025178508235883308,1.5132251584018017
1.0,0.5,-1.8666666666666663,0.013593563908785265,0.4293577390909486,-0.1412845218181028,0.8587154781818972,0.02718712781757053,1.4994859620467484
1.0,0.5,-1.833333333333333,0.014677992676220697,0.44852818138925993,-0.10294363722148014,0.8970563627785199,0.029355985352441393,1.4851230686450962
1.0,0.5,-1.7999999999999998,0.01584893192461114,0.4678749899867918,-0.06425002002641644,0.9357499799735836,0.03169786384922228,1.4701298308279418
1.0,0.5,-1.7666666666666666,0.017113283041617803,0.4873429737555364,-0.025314052488927152,0.9746859475110728,0.034226566083235606,1.4545013756921463
1.0,0.5,-1.7333333333333334,0.0184784979742229,0.5068755324997973,0.013751064999594664,1.0137510649995947,0.0369569959484458,1.4382346611383345
1.0,0.5,-1.7000000000000002,0.019952623149688785,0.5264153097322113,0.05283061946442258,1.0528306194644226,0.03990524629937757,1.421328511372488
1.0,0.5,-1.666666666666667,0.02154434690031881,0.545904864190733,0.09180972838146606,1.091809728381466,0.04308869380063762,1.4037836306956228
1.0,0.5,-1.6333333333333337,0.023263050671536226,0.5652873434641508,0.13057468692830154,1.1305746869283015,0.04652610134307245,1.3856025952392108
1.0,0.5,-1.5999999999999996,0.02511886431509582,0.5845071430040887,0.16901428600817736,1.1690142860081774,0.05023772863019164,1.3667898228516733
1.0,0.5,-1.5666666666666664,0.02712272579332028,0.6035105344207087,0.20702106884141735,1.2070210688414174,0.05424545158664056,1.3473515218802405
1.0,0.5,-1.5333333333333332,0.029286445646252362,0.6222462482475771,0.24449249649515425,1.2444924964951543,0.058572891292504724,1.327295620100044
1.0,0.5,-1.5,0.031622776601683784,0.6406659982365306,0.2813319964730612,1.2813319964730612,0.06324555320336757,1.3066316754978728
1.0,0.5,-1.4666666666666668,0.034145488738336,0.6587249365893475,0.317449873178695,1.317449873178695,0.068290977476672,1.2853707710041309
1.0,0.5,-1.4333333333333336,0.03686945064519573,0.6763820322083783,0.3527640644167567,1.3527640644167567,0.07373890129039146,1.263525395570099
1.0,0.5,-1.4000000000000004,0.03981071705534967,0.6936003668991407,0.38720073379828146,1.3872007337982815,0.07962143411069934,1.24110931420032
1.0,0.5,-1.3666666666666663,0.0429866234708228,0.7103473473296843,0.4206946946593686,1.4206946946593686,0.0859732469416456,1.2181374296685952
1.0,0.5,-1.333333333333333,0.046415888336127815,0.7265948333003844,0.45318966660076887,1.4531896666007689,0.09283177667225563,1.1946256386724283
1.0,0.5,-1.2999999999999998,0.05011872336272723,0.7423191853799248,0.4846383707598496,1.4846383707598496,0.10023744672545445,1.1705906851208663
1.0,0.5,-1.2666666666666666,0.05411695265464636,0.7575012371213992,0.5150024742427983,1.5150024742427983,0.10823390530929272,1.1460500131143536
1.0,0.5,-1.2333333333333334,0.05843414133735174,0.7721261988201893,0.5442523976403786,1.5442523976403786,0.11686828267470348,1.1210216219748115
1.0,0.5,-1.2000000000000002,0.06309573444801929,0.7861835010772125,0.5723670021544249,1.572367002154425,0.12619146889603858,1.0955239254338156
1.0,0.5,-1.166666666666667,0.06812920690579605,0.7996665872815248,0.5993331745630497,1.5993331745630497,0.1362584138115921,1.0695756168012078
1.0,0.5,-1.1333333333333337,0.07356422544596404,0.8125726645450766,0.6251453290901532,1.6251453290901532,0.14712845089192808,1.0431955416302539
1.0,0.5,-1.0999999999999996,0.07943282347242821,0.824902422649982,0.6498048452999641,1.649804845299964,0.15886564694485641,1.0164025790820832
1.0,0.5,-1.0666666666666664,0.08576958985908942,0.8366597302600782,0.6733194605201565,1.6733194605201565,0.17153917971817884,0.9892155328835086
1.0,0.5,-1.0333333333333332,0.09261187281287935,0.8478513170674722,0.6957026341349444,1.6957026341349444,0.1852237456257587,0.961653032478432
1.0,0.5,-1.0,0.09999999999999998,0.8584864497582141,0.7169728995164282,1.7169728995164282,0.19999999999999996,0.9337334447017362
1.0,0.5,-0.9666666666666668,0.10797751623277092,0.8685766087548109,0.7371532175096218,1.7371532175096218,0.21595503246554185,0.9054747960614025
1.0,0.5,-0.9333333333333336,0.11659144011798311,0.8781351716876438,0.7562703433752875,1.7562703433752875,0.23318288023596623,0.876894705503254
1.0,0.5,-0.9000000000000004,0.12589254117941656,0.887177108515667,0.774354217031334,1.774354217031334,0.2517850823588331,0.8480103273548242
1.0,0.5,-0.8666666666666663,0.13593563908785264,0.8957186922032877,0.7914373844065754,1.7914373844065754,0.2718712781757053,0.8188383040005193
1.0,0.5,-0.833333333333333,0.14677992676220702,0.9037772278997726,0.8075544557995451,1.807554455799545,0.29355985352441405,0.7893947277283128
1.0,0.5,-0.7999999999999998,0.1584893192461114,0.9113708026852908,0.8227416053705816,1.8227416053705816,0.3169786384922228,0.7596951111064485
1.0,0.5,-0.7666666666666666,0.17113283041617808,0.9185180571605163,0.8370361143210325,1.8370361143210325,0.34226566083235616,0.729754365194271
1.0,0.5,-0.7333333333333334,0.18478497974222904,0.9252379794737635,0.850475958947527,1.850475958947527,0.3695699594844581,0.6995867848609524
1.0,0.5,-0.7000000000000002,0.19952623149688783,0.9315497218037894,0.8630994436075787,1.8630994436075787,0.39905246299377567,0.6692060404761848
1.0,0.5,-0.666666666666667,0.2154434690031882,0.9374724388455082,0.8749448776910165,1.8749448776910165,0.4308869380063764,0.63862517524428
1.0,0.5,-0.6333333333333337,0.23263050671536237,0.9430251474741144,0.8860502949482287,1.8860502949482287,0.46526101343072473,0.6078566074742896
1.0,0.5,-0.5999999999999996,0.2511886431509582,0.948226606482032,0.8964532129640641,1.896453212964064,0.5023772863019164,0.5769121371105637
1.0,0.5,-0.5666666666666664,0.27122725793320296,0.9530952150827599,0.9061904301655197,1.9061904301655197,0.5424545158664059,0.5458029558878336
1.0,0.5,-0.5333333333333332,0.2928644564625237,0.9576489287452751,0.9152978574905501,1.9152978574905501,0.5857289129250474,0.5145396605199339
1.0,0.5,-0.5,0.3162277660168379,0.9619051908514223,0.9238103817028447,1.9238103817028447,0.6324555320336758,0.4831322683796178
1.0,0.5,-0.4666666666666668,0.34145488738336005,0.9658808786461537,0.9317617572923074,1.9317617572923074,0.6829097747667201,0.45159023517671193
1.0,0.5,-0.43333333333333357,0.3686945064519573,0.9695922619669232,0.9391845239338463,1.9391845239338463,0.7373890129039146,0.4199224741917698
1.0,0.5,-0.40000000000000036,0.39810717055349687,0.9730549732851806,0.9461099465703613,1.9461099465703613,0.7962143411069937,0.3881373766712188
1.0,0.5,-0.36666666666666625,0.42986623470822805,0.9762839876620173,0.9525679753240346,1.9525679753240346,0.8597324694164561,0.3562428330369197
1.0,0.5,-0.33333333333333304,0.46415888336127814,0.9792936113049484,0.9585872226098968,1.9585872226098968,0.9283177667225563,0.3242462546074581
1.0,0.5,-0.2999999999999998,0.5011872336272725,0.9820974775080045,0.9641949550160089,1.964194955016009,1.002374467254545,0.29215459556989365
1.0,0.5,-0.2666666666666666,0.5411695265464637,0.9847085488581111,0.9694170977162222,1.9694170977162222,1.0823390530929273,0.25997437497893894
1.0,0.5,-0.2333333333333334,0.5843414133735175,0.9871391246935338,0.9742782493870676,1.9742782493870676,1.168682826747035,0.22771169859537813
1.0,0.5,-0.20000000000000018,0.6309573444801929,0.989400852902043,0.9788017058040861,1.978801705804086,1.2619146889603858,0.19537228040707022
1.0,0.5,-0.16666666666666696,0.6812920690579608,0.9915047452452516,0.9830094904905031,1.9830094904905031,1.3625841381159216,0.16296146370410194
1.0,0.5,-0.13333333333333375,0.7356422544596406,0.9934611954897311,0.9869223909794622,1.9869223909794622,1.4712845089192812,0.13048424160472513
1.0,0.5,-0.09999999999999964,0.7943282347242822,0.99527999971391,0.99055999942782,1.99055999942782,1.5886564694485643,0.09794527695078706
1.0,0.5,-0.06666666666666643,0.8576958985908946,0.9969703782417609,0.9939407564835219,1.9939407564835219,1.7153917971817891,0.06534892151065903
1.0,0.5,-0.033333333333333215,0.9261187281287937,0.9985409987295143,0.9970819974590286,1.9970819974590286,1.8522374562575874,0.032699234444364
1.0,0.5,0.0,1.0,1.0,1.0,2.0,2.0,0.0
1.0,1,-8.0,9.999999999999982e-09,7.389055626839735e-08,-0.9999998522188874,1.477811125367947e-07,1.9999999999999964e-08,0.8685889360591863
1.0,1,-7.966666666666667,1.0797751623277061e-08,7.978518698253786e-08,-0.9999998404296261,1.5957037396507572e-07,2.1595503246554123e-08,0.8685889338456396
1.0,1,-7.933333333333334,1.1659144011798304e-08,8.615006275129105e-08,-0.9999998276998745,1.723001255025821e-07,2.3318288023596607e-08,0.868588931455507
1.0,1,-7.9,1.2589254117941638e-08,9.302269743902791e-08,-0.9999998139546051,1.8604539487805582e-07,2.5178508235883276e-08,0.8685889288747011
1.0,1,-7.866666666666666,1.3593563908785248e-08,1.0044359758288246e-07,-0.9999997991128048,2.0088719516576491e-07,2.7187127817570496e-08,0.8685889260880111
1.0,1,-7.833333333333333,1.4677992676220664e-08,1.0845650113339782e-07,-0.9999997830869978,2.1691300226679564e-07,2.9355985352441327e-08,0.8685889230790123
1.0,1,-7.8,1.5848931924611133e-08,1.1710863524069761e-07,-0.9999997657827295,2.3421727048139523e-07,3.1697863849222266e-08,0.8685889198299702
1.0,1,-7.766666666666667,1.711328304161778e-08,1.2645099460552824e-07,-0.9999997470980108,2.529019892110565e-07,3.422656608323556e-08,0.8685889163217354
1.0,1,-7.733333333333333,1.8478497974222853e-08,1.3653864203573516e-07,-0.9999997269227159,2.730772840714703e-07,3.695699594844571e-08,0.8685889125336306
1.0,1,-7.7,1.9952623149688776e-08,1.4743103297959623e-07,-0.999999705137934,2.9486206595919245e-07,3.990524629937755e-08,0.8685889084433289
1.0,1,-7.666666666666667,2.1544346900318783e-08,1.5919236594876106e-07,-0.9999996816152681,3.183847318975221e-07,4.3088693800637566e-08,0.8685889040267231
1.0,1,-7.633333333333334,2.3263050671536165e-08,1.71891960896128e-07,-0.9999996562160782,3.43783921792256e-07,4.652610134307233e-08,0.8685888992577817
1.0,1,-7.6,2.511886431509575e-08,1.8560466777875006e-07,-0.9999996287906644,3.712093355575001e-07,5.02377286301915e-08,0.8685888941083975
1.0,1,-7.566666666666666,2.7122725793320284e-08,2.004113077137588e-07,-0.9999995991773846,4.008226154275176e-07,5.424545158664057e-08,0.8685888885482201
1.0,1,-7.533333333333333,2.928644564625232e-08,2.1639914932740326e-07,-0.9999995672017014,4.3279829865480653e-07,5.857289129250464e-08,0.8685888825444789
1.0,1,-7.5,3.16227766016837e-08,2.336624231047076e-07,-0.9999995326751538,4.673248462094152e-07,6.32455532033674e-08,0.8685888760617884
1.0,1,-7.466666666666667,3.4145488738335984e-08,2.5230287677121906e-07,-0.9999994953942465,5.046057535424381e-07,6.829097747667197e-08,0.8685888690619403
1.0,1,-7.433333333333334,3.6869450645195665e-08,2.724303749801373e-07,-0.99999945513925,5.448607499602746e-07,7.373890129039133e-08,0.8685888615036783
1.0,1,-7.4,3.981071705534957e-08,2.941635468392808e-07,-0.9999994116729063,5.883270936785616e-07,7.962143411069914e-08,0.8685888533424546
1.0,1,-7.366666666666667,4.298662347082269e-08,3.17630485094227e-07,-0.9999993647390298,6.35260970188454e-07,8.597324694164538e-08,0.8685888445301686
1.0,1,-7.333333333333333,4.6415888336127794e-08,3.4296950108846915e-07,-0.9999993140609978,6.859390021769383e-07,9.283177667225559e-08,0.8685888350148809
1.0,1,-7.3,5.0118723362727164e-08,3.703299399501329e-07,-0.9999992593401201,7.406598799002658e-07,1.0023744672545433e-07,0.86858882474051
1.0,1,-7.266666666666667,5.4116952654646214e-08,3.998730608097457e-07,-0.9999992002538783,7.997461216194914e-07,1.0823390530929243e-07,0.8685888136464995
1.0,1,-7.233333333333333,5.843414133735172e-08,4.317729872368359e-07,-0.9999991364540255,8.635459744736718e-07,1.1686828267470343e-07,0.8685888016674631
1.0,1,-7.2,6.309573444801918e-08,4.662177334969326e-07,-0.999999067564533,9.324354669938652e-07,1.2619146889603835e-07,0.8685887887327974
1.0,1,-7.166666666666667,6.812920690579586e-08,5.03410312677472e-07,-0.9999989931793747,1.006820625354944e-06,1.3625841381159173e-07,0.8685887747662673
1.0,1,-7.133333333333333,7.3564225445964e-08,5.435699332134988e-07,-0.9999989128601335,1.0871398664269977e-06,1.47128450891928e-07,0.8685887596855552
1.0,1,-7.1,7.943282347242818e-08,5.869332908651329e-07,-0.9999988261334183,1.1738665817302658e-06,1.5886564694485636e-07,0.8685887434017775
1.0,1,-7.066666666666666,8.576958985908931e-08,6.337559637612309e-07,-0.9999987324880725,1.2675119275224619e-06,1.7153917971817862e-07,0.8685887258189596
1.0,1,-7.033333333333333,9.26118728128791e-08,6.843139187311714e-07,-0.9999986313721625,1.3686278374623428e-06,1.852237456257582e-07,0.8685887068334703
1.0,1,-7.0,9.999999999999994e-08,7.389051378024266e-07,-0.9999985221897244,1.4778102756048533e-06,1.9999999999999989e-07,0.8685886863334115
1.0,1,-6.966666666666667,1.0797751623277074e-07,7.978513744498941e-07,-0.9999984042972511,1.5957027488997881e-06,2.1595503246554147e-07,0.868588664197958
1.0,1,-6.933333333333334,1.1659144011798295e-07,8.615000499475329e-07,-0.9999982769999001,1.7230000998950657e-06,2.331828802359659e-07,0.8685886402966467
1.0,1,-6.9,1.258925411794165e-07,9.30226300998532e-07,-0.999998139547398,1.860452601997064e-06,2.51785082358833e-07,0.8685886144886057
1.0,1,-6.866666666666667,1.3593563908785213e-07,1.0044351907117409e-06,-0.9999979911296186,2.0088703814234817e-06,2.7187127817570427e-07,0.8685885866217258
1.0,1,-6.833333333333333,1.467799267622068e-07,1.0845640959547356e-06,-0.999997830871808,2.169128191909471e-06,2.935598535244136e-07,0.8685885565317629
1.0,1,-6.8,1.5848931924611122e-07,1.171085285153221e-06,-0.9999976578294297,2.342170570306442e-06,3.1697863849222245e-07,0.8685885240413709
1.0,1,-6.766666666666667,1.7113283041617799e-07,1.2645087017288725e-06,-0.9999974709825965,2.529017403457745e-06,3.4226566083235597e-07,0.8685884889590552
1.0,1,-6.733333333333333,1.8478497974222871e-07,1.365384969579409e-06,-0.9999972692300608,2.730769939158818e-06,3.6956995948445743e-07,0.8685884510780452
1.0,1,-6.7,1.995262314968876e-07,1.4743086383132413e-06,-0.9999970513827233,2.9486172766264825e-06,3.990524629937752e-07,0.8685884101750754
1.0,1,-6.666666666666667,2.1544346900318806e-07,1.5919216873637671e-06,-0.9999968161566253,3.1838433747275343e-06,4.308869380063761e-07,0.8685883660090687
1.0,1,-6.633333333333333,2.3263050671536233e-07,1.718917309633971e-06,-0.9999965621653807,3.437834619267942e-06,4.6526101343072466e-07,0.8685883183197168
1.0,1,-6.6,2.511886431509578e-07,1.8560439969690258e-06,-0.999996287912006,3.7120879939380517e-06,5.023772863019156e-07,0.8685882668259448
1.0,1,-6.566666666666666,2.7122725793320264e-07,2.0041099515331566e-06,-0.9999959917800969,4.008219903066313e-06,5.424545158664053e-07,0.8685882112242559
1.0,1,-6.533333333333333,2.9286445646252357e-07,2.163987849087371e-06,-0.9999956720243018,4.327975698174742e-06,5.857289129250471e-07,0.8685881511869409
1.0,1,-6.5,3.1622776601683734e-07,2.33661998223807e-06,-0.9999953267600356,4.67323996447614e-06,6.324555320336747e-07,0.8685880863601488
1.0,1,-6.466666666666667,3.414548873833596e-07,2.523023813965452e-06,-0.999994953952372,5.046047627930904e-06,6.829097747667192e-07,0.8685880163617998
1.0,1,-6.433333333333334,3.686945064519571e-07,2.7242979741578242e-06,-0.9999945514040517,5.4485959483156485e-06,7.373890129039142e-07,0.8685879407793339
1.0,1,-6.4,3.9810717055349613e-07,2.9416287344882075e-06,-0.999994116742531,5.883257468976415e-06,7.962143411069923e-07,0.8685878591672791
1.0,1,-6.366666666666667,4.298662347082266e-07,3.1762969997876693e-06,-0.9999936474060004,6.3525939995753386e-06,8.597324694164532e-07,0.8685877710446267
1.0,1,-6.333333333333333,4.641588833612777e-07,3.4296858571126827e-06,-0.9999931406282858,6.859371714225365e-06,9.283177667225554e-07,0.8685876758919956
1.0,1,-6.3,5.011872336272722e-07,3.7032887269895015e-06,-0.999992593422546,7.406577453979003e-06,1.0023744672545444e-06,0.8685875731485709
1.0,1,-6.266666666666667,5.411695265464628e-07,3.99871816486572e-06,-0.9999920025636703,7.99743632973144e-06,1.0823390530929255e-06,0.8685874622088006
1.0,1,-6.233333333333333,5.843414133735168e-07,4.317715364629672e-06,-0.9999913645692707,8.635430729259344e-06,1.1686828267470336e-06,0.8685873424188235
1.0,1,-6.2,6.309573444801925e-07,4.662160420193409e-06,-0.9999906756791597,9.324320840386818e-06,1.261914688960385e-06,0.8685872130726189
1.0,1,-6.166666666666667,6.812920690579595e-07,5.034083405600852e-06,-0.9999899318331888,1.0068166811201704e-05,1.362584138115919e-06,0.8685870734078431
1.0,1,-6.133333333333333,7.356422544596409e-07,5.435676338943165e-06,-0.9999891286473221,1.087135267788633e-05,1.4712845089192818e-06,0.8685869226013375
1.0,1,-6.1,7.943282347242812e-07,5.869306100568887e-06,-0.9999882613877988,1.1738612201137774e-05,1.5886564694485625e-06,0.8685867597642771
1.0,1,-6.066666666666666,8.57695898590894e-07,6.337528381696864e-06,-0.9999873249432366,1.2675056763393729e-05,1.715391797181788e-06,0.8685865839369326
1.0,1,-6.033333333333333,9.261187281287921e-07,6.843102745607286e-06,-0.9999863137945088,1.3686205491214572e-05,1.8522374562575842e-06,0.8685863940830129
1.0,1,-6.0,9.999999999999987e-07,7.389008890138328e-06,-0.9999852219822197,1.4778017780276656e-05,1.9999999999999974e-06,0.8685861890835592
1.0,1,-5.966666666666667,1.0797751623277085e-06,7.978464207288611e-06,-0.9999840430715854,1.5956928414577223e-05,2.159550324655417e-06,0.8685859677303494
1.0,1,-5.933333333333334,1.1659144011798289e-06,8.614942743363371e-06,-0.9999827701145133,1.7229885486726742e-05,2.3318288023596577e-06,0.868585728718778
1.0,1,-5.9,1.2589254117941644e-06,9.30219567134666e-06,-0.9999813956086573,1.860439134269332e-05,2.517850823588329e-06,0.8685854706401674
1.0,1,-5.866666666666667,1.359356390878523e-06,1.0044273396084276e-05,-0.9999799114532079,2.008854679216855e-05,2.718712781757046e-06,0.8685851919734661
1.0,1,-5.833333333333334,1.4677992676220643e-06,1.0845549422472906e-05,-0.999978308901155,2.169109884494581e-05,2.9355985352441286e-06,0.8685848910762841
1.0,1,-5.8,1.5848931924611111e-06,1.1710746127226712e-05,-0.9999765785077456,2.3421492254453425e-05,3.1697863849222222e-06,0.8685845661752147
1.0,1,-5.766666666666667,1.7113283041617788e-06,1.264496258599455e-05,-0.999974710074828,2.52899251719891e-05,3.4226566083235577e-06,0.8685842153553828
1.0,1,-5.733333333333333,1.8478497974222894e-06,1.3653704619695476e-05,-0.9999726925907606,2.7307409239390952e-05,3.6956995948445787e-06,0.8685838365491598
1.0,1,-5.7,1.995262314968875e-06,1.4742917236994986e-05,-0.999970514165526,2.9485834473989972e-05,3.99052462993775e-06,0.8685834275239799
1.0,1,-5.666666666666666,2.154434690031883e-06,1.591901966394078e-05,-0.9999681619606721,3.183803932788156e-05,4.308869380063766e-06,0.8685829858691825
1.0,1,-5.633333333333333,2.326305067153626e-06,1.7188943166991765e-05,-0.999965622113666,3.437788633398353e-05,4.652610134307252e-06,0.8685825089818064
1.0,1,-5.6,2.5118864315095806e-06,1.856017189210189e-05,-0.9999628796562158,3.712034378420378e-05,5.023772863019161e-06,0.8685819940512503
1.0,1,-5.566666666666666,2.7122725793320246e-06,2.0040786960250774e-05,-0.9999599184260795,4.008157392050155e-05,5.424545158664049e-06,0.868581438042711
1.0,1,-5.533333333333333,2.9286445646252336e-06,2.163951407895798e-05,-0.9999567209718421,4.327902815791596e-05,5.857289129250467e-06,0.8685808376792997
1.0,1,-5.5,3.162277660168377e-06,2.3365774949977857e-05,-0.9999532684501,4.6731549899955714e-05,6.324555320336754e-06,0.8685801894227315
1.0,1,-5.466666666666667,3.414548873833594e-06,2.5229742775679554e-05,-0.9999495405144486,5.045948555135911e-05,6.829097747667188e-06,0.8685794894524769
1.0,1,-5.433333333333334,3.686945064519568e-06,2.7242402190691657e-05,-0.9999455151956186,5.4484804381383315e-05,7.373890129039136e-06,0.8685787336432482
1.0,1,-5.4,3.981071705534966e-06,2.9415613971377935e-05,-0.9999411687720573,5.883122794275587e-05,7.962143411069931e-06,0.8685779175406928
1.0,1,-5.366666666666667,4.2986623470822705e-06,3.176218490376314e-05,-0.9999364756301925,6.352436980752629e-05,8.597324694164541e-06,0.8685770363351454
1.0,1,-5.333333333333334,4.641588833612765e-06,3.42959432207995e-05,-0.9999314081135584,6.8591886441599e-05,9.28317766722553e-06,0.8685760848332903
1.0,1,-5.3,5.011872336272718e-06,3.7031820052543475e-05,-0.9999259363598949,7.406364010508695e-05,1.0023744672545436e-05,0.8685750574275606
1.0,1,-5.266666666666667,5.4116952654646334e-06,3.99859373680742e-05,-0.9999200281252638,7.99718747361484e-05,1.0823390530929267e-05,0.8685739480631013
1.0,1,-5.233333333333333,5.843414133735164e-06,4.31757029260473e-05,-0.9999136485941479,8.63514058520946e-05,1.1686828267470328e-05,0.868572750202094
1.0,1,-5.2,6.309573444801921e-06,4.6619912791844336e-05,-0.9999067601744163,9.323982558368867e-05,1.2619146889603842e-05,0.8685714567852404
1.0,1,-5.166666666666666,6.812920690579614e-06,5.033886202360254e-05,-0.9998993222759528,0.00010067772404720508,1.3625841381159229e-05,0.8685700601901725
1.0,1,-5.133333333333333,7.356422544596417e-06,5.435446417723179e-05,-0.9998912910716455,0.00010870892835446358,1.4712845089192834e-05,0.8685685521865489
1.0,1,-5.1,7.943282347242806e-06,5.869038033212939e-05,-0.9998826192393357,0.00011738076066425879,1.5886564694485613e-05,0.8685669238875711
1.0,1,-5.066666666666666,8.576958985908935e-06,6.337215839497906e-05,-0.9998732556832101,0.00012674431678995812,1.715391797181787e-05,0.868565165697633
1.0,1,-5.033333333333333,9.26118728128793e-06,6.842738349908756e-05,-0.9998631452330018,0.00013685476699817512,1.852237456257586e-05,0.8685632672557994
1.0,1,-5.0,9.99999999999998e-06,7.388584038151523e-05,-0.9998522283192369,0.00014777168076303047,1.999999999999996e-05,0.8685612173747782
1.0,1,-4.966666666666667,1.0797751623277078e-05,7.977968869015819e-05,-0.9998404406226197,0.00015955937738031638,2.1595503246554156e-05,0.8685590039750302
1.0,1,-4.933333333333334,1.16591440117983e-05,8.61436522483366e-05,-0.9998277126955033,0.0001722873044966732,2.33182880235966e-05,0.8685566140136243
1.0,1,-4.9,1.2589254117941658e-05,9.301522338577039e-05,-0.9998139695532284,0.00018603044677154078,2.5178508235883316e-05,0.8685540334074268
1.0,1,-4.866666666666667,1.359356390878522e-05,0.00010043488353252,-0.999799130232935,0.00020086976706504,2.718712781757044e-05,0.8685512469501687
1.0,1,-4.833333333333334,1.467799267622066e-05,0.00010844634136704367,-0.9997831073172659,0.00021689268273408733,2.935598535244132e-05,0.8685482382229051
1.0,1,-4.8,1.584893192461113e-05,0.00011709678991149032,-0.999765806420177,0.00023419357982298064,3.169786384922226e-05,0.8685449894973396
1.0,1,-4.766666666666667,1.7113283041617806e-05,0.0001264371840772808,-0.9997471256318454,0.0002528743681545616,3.422656608323561e-05,0.8685414816314522
1.0,1,-4.733333333333333,1.847849797422288e-05,0.0001365225402825351,-0.999726954919435,0.0002730450805650702,3.695699594844576e-05,0.8685376939568079
1.0,1,-4.7,1.995262314968877e-05,0.00014741225989062175,-0.9997051754802188,0.0002948245197812435,3.990524629937754e-05,0.868533604156896
1.0,1,-4.666666666666666,2.1544346900318854e-05,0.00015917047835675404,-0.9996816590432865,0.0003183409567135081,4.308869380063771e-05,0.8685291881357771
1.0,1,-4.633333333333333,2.3263050671536243e-05,0.00017186644211786062,-0.9996562671157643,0.00034373288423572123,4.6526101343072485e-05,0.8685244198762753
1.0,1,-4.6,2.5118864315095788e-05,0.00018557491542073835,-0.9996288501691585,0.0003711498308414767,5.0237728630191576e-05,0.8685192712868807
1.0,1,-4.566666666666666,2.7122725793320276e-05,0.00020037661945556263,-0.9995992467610889,0.00040075323891112526,5.424545158664055e-05,0.8685137120364654
1.0,1,-4.533333333333333,2.9286445646252367e-05,0.00021635870634717188,-0.9995672825873056,0.00043271741269434376,5.8572891292504734e-05,0.8685077093758485
1.0,1,-4.5,3.162277660168375e-05,0.0002336152707560428,-0.9995327694584879,0.0004672305415120856,6.32455532033675e-05,0.8685012279451639
1.0,1,-4.466666666666667,3.4145488738335975e-05,0.0002522479020556359,-0.9994955041958887,0.0005044958041112718,6.829097747667195e-05,0.8684942295659043
1.0,1,-4.433333333333334,3.686945064519572e-05,0.0002723662802838861,-0.9994552674394322,0.0005447325605677722,7.373890129039145e-05,0.8684866730164292
1.0,1,-4.4,3.9810717055349634e-05,0.0002940888193152291,-0.9994118223613695,0.0005881776386304583,7.962143411069927e-05,0.8684785137896233
1.0,1,-4.366666666666667,4.2986623470822677e-05,0.00031754336096692794,-0.9993649132780661,0.0006350867219338559,8.597324694164535e-05,0.8684697038312919
1.0,1,-4.333333333333334,4.64158883361277e-05,0.0003428679240409045,-0.9993142641519182,0.000685735848081809,9.28317766722554e-05,0.8684601912577703
1.0,1,-4.3,5.011872336272724e-05,0.00037021151261122854,-0.9992595769747775,0.0007404230252224571,0.00010023744672545448,0.8684499200511011
1.0,1,-4.266666666666667,5.41169526546463e-05,0.0003997349881992754,-0.9992005300236014,0.0007994699763985508,0.0001082339053092926,0.8684388297300046
1.0,1,-4.233333333333333,5.8434141337351704e-05,0.0004316120108349582,-0.9991367759783301,0.0008632240216699164,0.00011686828267470341,0.8684268549947308
1.0,1,-4.2,6.309573444801928e-05,0.00046603005438491826,-0.9990679398912302,0.0009320601087698365,0.00012619146889603856,0.8684139253437343
1.0,1,-4.166666666666666,6.812920690579622e-05,0.0005031915019389412,-0.9989936169961221,0.0010063830038778824,0.00013625841381159244,0.8683999646599413
1.0,1,-4.133333333333333,7.356422544596412e-05,0.0005433148274857709,-0.9989133703450285,0.0010866296549715418,0.00014712845089192824,0.8683848907642205
1.0,1,-4.1,7.943282347242815e-05,0.0005866358705809771,-0.998826728258838,0.0011732717411619541,0.0001588656469448563,0.8683686149334714
1.0,1,-4.066666666666666,8.576958985908944e-05,0.0006334092112142587,-0.9987331815775715,0.0012668184224285174,0.00017153917971817888,0.8683510413805465
1.0,1,-4.033333333333333,9.261187281287925e-05,0.0006839096526237926,-0.9986321806947525,0.0013678193052475852,0.0001852237456257585,0.868332066693013
1.0,1,-4.0,9.999999999999991e-05,0.0007384338203826876,-0.9985231323592346,0.0014768676407653752,0.00019999999999999982,0.868311579227519
1.0,1,-3.966666666666667,0.0001079775162327709,0.0007973018866995488,-0.9984053962266008,0.0015946037733990976,0.0002159550324655418,0.868289458456291
1.0,1,-3.9333333333333336,0.00011659144011798293,0.0008608594295335291,-0.998278281140933,0.0017217188590670583,0.00023318288023596587,0.8682655742620121
1.0,1,-3.9000000000000004,0.0001258925411794165,0.0009294794368260995,-0.9981410411263478,0.001858958873652199,0.000251785082358833,0.8682397861770517
1.0,1,-3.8666666666666663,0.0001359356390878526,0.0010035644668991435,-0.9979928710662017,0.002007128933798287,0.0002718712781757052,0.8682119425627066
1.0,1,-3.833333333333333,0.00014677992676220703,0.0010835489768637678,-0.9978329020462725,0.0021670979537275355,0.00029355985352441406,0.8681818797237826
1.0,1,-3.8,0.0001584893192461112,0.0011699018317282153,-0.9976601963365436,0.0023398036634564305,0.0003169786384922224,0.8681494209534921
1.0,1,-3.7666666666666666,0.00017113283041617796,0.001263129007788071,-0.9974737419844238,0.002526258015576142,0.0003422656608323559,0.8681143755032711
1.0,1,-3.7333333333333334,0.000184784979742229,0.0013637765048289789,-0.997272446990342,0.0027275530096579578,0.000369569959484458,0.8680765374717019
1.0,1,-3.7,0.00019952623149688758,0.0014724334826724788,-0.9970551330346551,0.0029448669653449576,0.00039905246299377516,0.868035684606308
1.0,1,-3.666666666666667,0.00021544346900318802,0.0015897356386497228,-0.9968205287227005,0.0031794712772994457,0.00043088693800637603,0.867991577011515
1.0,1,-3.6333333333333337,0.00023263050671536227,0.0017163688436961566,-0.9965672623126077,0.003432737687392313,0.00046526101343072454,0.8679439557555819
1.0,1,-3.5999999999999996,0.00025118864315095817,0.0018530730559221643,-0.9962938538881557,0.0037061461118443285,0.0005023772863019163,0.867892541368782
1.0,1,-3.5666666666666664,0.0002712272579332026,0.002000646531728691,-0.9959987069365426,0.004001293063457382,0.0005424545158664052,0.8678370322245453
1.0,1,-3.533333333333333,0.0002928644564625235,0.0021599503558009216,-0.9956800992883982,0.004319900711601843,0.000585728912925047,0.867777102794688
1.0,1,-3.5,0.00031622776601683783,0.002331913312623475,-0.995336173374753,0.00466382662524695,0.0006324555320336757,0.8677124017692087
1.0,1,-3.466666666666667,0.00034145488738335987,0.002517537123512583,-0.9949649257529748,0.005035074247025166,0.0006829097747667197,0.8676425500304724
1.0,1,-3.4333333333333336,0.00036869450645195695,0.0027179020745475503,-0.9945641958509049,0.005435804149095101,0.0007373890129039139,0.8675671384708786
1.0,1,-3.4000000000000004,0.00039810717055349676,0.002934173062196496,-0.994131653875607,0.005868346124392992,0.0007962143411069935,0.8674857256423681
1.0,1,-3.3666666666666663,0.0004298662347082276,0.003167606084859436,-0.9936647878302811,0.006335212169718872,0.0008597324694164552,0.8673978352253244
1.0,1,-3.333333333333333,0.00046415888336127795,0.0034195552099802445,-0.9931608895800396,0.006839110419960489,0.0009283177667225559,0.8673029533035962
1.0,1,-3.3,0.0005011872336272721,0.0036914800477911634,-0.9926170399044176,0.007382960095582327,0.0010023744672545442,0.8672005254314848
1.0,1,-3.2666666666666666,0.0005411695265464635,0.00398495376412739,-0.9920300924717452,0.00796990752825478,0.001082339053092927,0.867089953477636
1.0,1,-3.2333333333333334,0.0005843414133735171,0.004301671666058696,-0.9913966566678826,0.008603343332117392,0.0011686828267470342,0.8669705922298108
1.0,1,-3.2,0.0006309573444801923,0.004643460395298836,-0.9907130792094023,0.009286920790597671,0.0012619146889603847,0.8668417457435281
1.0,1,-3.166666666666667,0.0006812920690579605,0.005012287765432791,-0.9899754244691344,0.010024575530865582,0.001362584138115921,0.8667026634165416
1.0,1,-3.1333333333333337,0.00073564225445964,0.005410273279902505,-0.989179453440195,0.01082054655980501,0.00147128450891928,0.8665525357700666
1.0,1,-3.0999999999999996,0.0007943282347242817,0.005839699368358862,-0.9883206012632823,0.011679398736717724,0.0015886564694485635,0.8663904899165943
1.0,1,-3.0666666666666664,0.0008576958985908939,0.006303023379358336,-0.9873939532412833,0.012606046758716672,0.0017153917971817877,0.866215584693041
1.0,1,-3.033333333333333,0.0009261187281287935,0.0068028903673829745,-0.9863942192652341,0.013605780734765949,0.001852237456257587,0.8660268054368871
1.0,1,-3.0,0.0009999999999999994,0.0073421467117029985,-0.985315706576594,0.014684293423405997,0.0019999999999999987,0.865823058381867
1.0,1,-2.966666666666667,0.0010797751623277082,0.007923854603583863,-0.9841522907928323,0.015847709207167725,0.0021595503246554164,0.8656031646487063
1.0,1,-2.9333333333333336,0.0011659144011798306,0.00855130743664325,-0.9828973851267135,0.0171026148732865,0.002331828802359661,0.8653658538053726
1.0,1,-2.9000000000000004,0.001258925411794165,0.009228046132654382,-0.9815439077346912,0.018456092265308765,0.00251785082358833,0.8651097569703348
1.0,1,-2.8666666666666663,0.0013593563908785263,0.009957876431613727,-0.9800842471367726,0.019915752863227453,0.0027187127817570526,0.8648333994314475
1.0,1,-2.833333333333333,0.0014677992676220694,0.010744887170263494,-0.978510225659473,0.021489774340526988,0.0029355985352441387,0.8645351927523044
1.0,1,-2.8,0.0015848931924611136,0.01159346956728177,-0.9768130608654365,0.02318693913456354,0.0031697863849222273,0.8642134263372924
1.0,1,-2.7666666666666666,0.00171132830416178,0.012508337525791485,-0.974983324948417,0.02501667505158297,0.00342265660832356,0.8638662584261606
1.0,1,-2.7333333333333334,0.001847849797422289,0.013494548954437423,-0.9730109020911252,0.026989097908874847,0.003695699594844578,0.8634917064887396
1.0,1,-2.7,0.001995262314968878,0.01455752809674473,-0.9708849438065106,0.02911505619348946,0.003990524629937756,0.8630876369905678
1.0,1,-2.666666666666667,0.0021544346900318804,0.01570308884447997,-0.9685938223110401,0.03140617768895994,0.004308869380063761,0.8626517545006823
1.0,1,-2.6333333333333337,0.0023263050671536232,0.0169374589939286,-0.9661250820121428,0.0338749179878572,0.0046526101343072465,0.8621815901137577
1.0,1,-2.5999999999999996,0.00251188643150958,0.01826730538398782,-0.9634653892320244,0.03653461076797564,0.00502377286301916,0.8616744891602455
1.0,1,-2.5666666666666664,0.002712272579332029,0.01969975983132603,-0.9606004803373479,0.03939951966265206,0.005424545158664058,0.8611275981802575
1.0,1,-2.533333333333333,0.0029286445646252352,0.02124244575012079,-0.9575151084997584,0.04248489150024158,0.0058572891292504705,0.8605378511397704
1.0,1,-2.5,0.0031622776601683764,0.022903505311570933,-0.9541929893768581,0.04580701062314187,0.006324555320336753,0.8599019548714218
1.0,1,-2.466666666666667,0.003414548873833599,0.024691626960980904,-0.9506167460780381,0.04938325392196181,0.006829097747667198,0.8592163737268722
1.0,1,-2.4333333333333336,0.0036869450645195707,0.02661607306721669,-0.9467678538655666,0.05323214613443338,0.0073738901290391415,0.8584773134335598
1.0,1,-2.4000000000000004,0.003981071705534968,0.028686707430219578,-0.9426265851395609,0.057373414860439155,0.007962143411069936,0.8576807041558606
1.0,1,-2.3666666666666663,0.004298662347082277,0.03091402231653982,-0.9381719553669203,0.06182804463307964,0.008597324694164554,0.8568221827693608
1.0,1,-2.333333333333333,0.004641588833612781,0.033309164630070144,-0.9333816707398597,0.06661832926014029,0.009283177667225561,0.8558970743673445
1.0,1,-2.3,0.005011872336272722,0.03588396075494052,-0.928232078490119,0.07176792150988104,0.010023744672545444,0.854900373030916
1.0,1,-2.2666666666666666,0.005411695265464637,0.038650939529623014,-0.922698120940754,0.07730187905924603,0.010823390530929273,0.853826721908632
1.0,1,-2.2333333333333334,0.005843414133735173,0.04162335272559065,-0.9167532945488187,0.0832467054511813,0.011686828267470346,0.8526703926683163
1.0,1,-2.2,0.006309573444801925,0.04481519231049869,-0.9103696153790026,0.08963038462099739,0.01261914688960385,0.8514252644031268
1.0,1,-2.166666666666667,0.006812920690579607,0.04824120367522145,-0.9035175926495571,0.0964824073504429,0.013625841381159213,0.8500848020961296
1.0,1,-2.1333333333333337,0.007356422544596402,0.05191689389696875,-0.8961662122060625,0.1038337877939375,0.014712845089192805,0.8486420347728146
1.0,1,-2.0999999999999996,0.007943282347242819,0.05585853399836548,-0.888282932003269,0.11171706799673096,0.015886564694485638,0.8470895334993392
1.0,1,-2.0666666666666664,0.00857695898590894,0.06008315404662039,-0.8798336919067592,0.12016630809324078,0.01715391797181788,0.8454193894159253
1.0,1,-2.033333333333333,0.009261187281287936,0.06460852982023366,-0.8707829403595326,0.1292170596404673,0.018522374562575872,0.8436231920298343
1.0,1,-2.0,0.009999999999999995,0.06945315965638044,-0.8610936806872391,0.13890631931276087,0.01999999999999999,0.8416920080306799
1.0,1,-1.9666666666666668,0.010797751623277086,0.0746362299843955,-0.850727540031209,0.149272459968791,0.02159550324655417,0.8396163609323817
1.0,1,-1.9333333333333336,0.011659144011798309,0.08017756795489918,-0.8396448640902017,0.16035513590979836,0.023318288023596617,0.8373862118905625
1.0,1,-1.9000000000000004,0.012589254117941654,0.08609757949645953,-0.827804841007081,0.17219515899291907,0.025178508235883308,0.8349909420911985
1.0,1,-1.8666666666666663,0.013593563908785265,0.09241717107985876,-0.8151656578402825,0.18483434215971753,0.02718712781757053,0.8324193371552323
1.0,1,-1.833333333333333,0.014677992676220697,0.09915765345284487,-0.8016846930943102,0.19831530690568974,0.029355985352441393,0.8296595740537721
1.0,1,-1.7999999999999998,0.01584893192461114,0.10634062563573478,-0.7873187487285305,0.21268125127146956,0.03169786384922228,0.8266992110782915
1.0,1,-1.7666666666666666,0.017113283041617803,0.11398783755142101,-0.772024324897158,0.22797567510284203,0.034226566083235606,0.8235251814584705
1.0,1,-1.7333333333333334,0.0184784979742229,0.12212102981414748,-0.7557579403717051,0.24424205962829496,0.0369569959484458,0.8201237912651974
1.0,1,-1.7000000000000002,0.019952623149688785,0.13076174943211719,-0.7384765011357657,0.26152349886423437,0.03990524629937757,0.8164807222756653
1.0,1,-1.666666666666667,0.02154434690031881,0.1399311405017761,-0.7201377189964477,0.2798622810035522,0.04308869380063762,0.8125810405089633
1.0,1,-1.6333333333333337,0.023263050671536226,0.14964970939776254,-0.7007005812044749,0.2992994187955251,0.04652610134307245,0.8084092111612601
1.0,1,-1.5999999999999996,0.02511886431509582,0.15993706450149664,-0.6801258709970067,0.3198741290029933,0.05023772863019164,0.8039491206764849
1.0,1,-1.5666666666666664,0.02712272579332028,0.170811631169722,-0.658376737660556,0.341623262339444,0.05424545158664056,0.7991841066779795
1.0,1,-1.5333333333333332,0.029286445646252362,0.18229034342424136,-0.6354193131515173,0.3645806868484827,0.058572891292504724,0.7940969964554276
1.0,1,-1.5,0.031622776601683784,0.1943883147420884,-0.6112233705158232,0.3887766294841768,0.06324555320336757,0.7886701546460197
1.0,1,-1.4666666666666668,0.034145488738336,0.20711849133077245,-0.5857630173384551,0.4142369826615449,0.068290977476672,0.7828855406659679
1.0,1,-1.4333333333333336,0.03686945064519573,0.22049129236661835,-0.5590174152667633,0.4409825847332367,0.07373890129039146,0.7767247763353767
1.0,1,-1.4000000000000004,0.03981071705534967,0.23451424282642402,-0.530971514347152,0.46902848565284805,0.07962143411069934,0.7701692239938892
1.0,1,-1.3666666666666663,0.0429866234708228,0.24919160571383256,-0.5016167885723348,0.4983832114276651,0.0859732469416456,0.7632000752253706
1.0,1,-1.333333333333333,0.046415888336127815,0.264524021621325,-0.47095195675735,0.52904804324265,0.09283177667225563,0.7557984500972933
1.0,1,-1.2999999999999998,0.05011872336272723,0.28050816461588746,-0.4389836707682251,0.5610163292317749,0.10023744672545445,0.747945506576218
1.0,1,-1.2666666666666666,0.05411695265464636,0.29713642432199255,-0.4057271513560149,0.5942728486439851,0.10823390530929272,0.739622559508479
1.0,1,-1.2333333333333334,0.05843414133735174,0.3143966247249981,-0.37120675055000385,0.6287932494499961,0.11686828267470348,0.730811208260574
1.0,1,-1.2000000000000002,0.06309573444801929,0.3322717905553496,-0.3354564188893008,0.6645435811106992,0.12619146889603858,0.721493471804771
1.0,1,-1.166666666666667,0.06812920690579605,0.3507399720669969,-0.29852005586600616,0.7014799441339938,0.1362584138115921,0.7116519297220893
1.0,1,-1.1333333333333337,0.07356422544596404,0.3697741385302578,-0.2604517229394844,0.7395482770605156,0.14712845089192808,0.7012698672891247
1.0,1,-1.0999999999999996,0.07943282347242821,0.38934214977482806,-0.22131570045034388,0.7786842995496561,0.15886564694485641,0.6903314225307046
1.0,1,-1.0666666666666664,0.08576958985908942,0.4094068136211621,-0.1811863727576758,0.8188136272423242,0.17153917971817884,0.6788217328716305
1.0,1,-1.0333333333333332,0.09261187281287935,0.4299260350357537,-0.14014792992849257,0.8598520700715074,0.1852237456257587,0.666727078822524
1.0,1,-1.0,0.09999999999999998,0.45085306037928374,-0.09829387924143251,0.9017061207585675,0.19999999999999996,0.6540350220011242
1.0,1,-0.9666666666666668,0.10797751623277092,0.47213681726318607,-0.05572636547362786,0.9442736345263721,0.21595503246554185,0.6407345347335747
1.0,1,-0.9333333333333336,0.11659144011798311,0.49372234740132526,-0.012555305197349487,0.9874446948026505,0.23318288023596623,0.6268161185099843
1.0,1,-0.9000000000000004,0.12589254117941656,0.5155513265808638,0.031102653161727556,1.0311026531617276,0.2517850823588331,0.6122719086907398
1.0,1,-0.8666666666666663,0.13593563908785264,0.5375626626440004,0.07512532528800087,1.0751253252880009,0.2718712781757053,0.5970957630762723
1.0,1,-0.833333333333333,0.14677992676220702,0.5596931593457797,0.11938631869155936,1.1193863186915594,0.29355985352441405,0.5812833322598314
1.0,1,-0.7999999999999998,0.1584893192461114,0.5818782313070566,0.16375646261411325,1.1637564626141133,0.3169786384922228,0.5648321100718021
1.0,1,-0.7666666666666666,0.17113283041617808,0.60405265317538,0.20810530635076008,1.20810530635076,0.34226566083235616,0.547741462881963
1.0,1,-0.7333333333333334,0.18478497974222904,0.6261513246711212,0.25230264934224245,1.2523026493422424,0.3695699594844581,0.5300126370352185
1.0,1,-0.7000000000000002,0.19952623149688783,0.6481100325228767,0.2962200650457534,1.2962200650457534,0.39905246299377567,0.5116487442360579
1.0,1,-0.666666666666667,0.2154434690031882,0.6698661904283497,0.33973238085669943,1.3397323808566994,0.4308869380063764,0.4926547252445326
1.0,1,-0.6333333333333337,0.23263050671536237,0.6913595391060425,0.38271907821208506,1.382719078212085,0.46526101343072473,0.47303729277872114
1.0,1,-0.5999999999999996,0.2511886431509582,0.7125327901695434,0.4250655803390868,1.4250655803390868,0.5023772863019164,0.4528048550132048
1.0,1,-0.5666666666666664,0.27122725793320296,0.7333321998546186,0.46666439970923723,1.4666643997092372,0.5424545158664059,0.43196742150021267
1.0,1,-0.5333333333333332,0.2928644564625237,0.7537080614180653,0.5074161228361307,1.5074161228361307,0.5857289129250474,0.4105364937035164
1.0,1,-0.5,0.3162277660168379,0.7736151081404211,0.5472302162808422,1.5472302162808422,0.6324555320336758,0.38852494261313913
1.0,1,-0.4666666666666668,0.34145488738336005,0.7930128221258812,0.5860256442517624,1.5860256442517624,0.6829097747667201,0.36594687609460774
1.0,1,-0.43333333333333357,0.3686945064519573,0.8118656473288821,0.6237312946577642,1.6237312946577642,0.7373890129039146,0.34281749871813066
1.0,1,-0.40000000000000036,0.39810717055349687,0.8301431082900379,0.6602862165800758,1.6602862165800758,0.7962143411069937,0.3191529668137317
1.0,1,-0.36666666666666625,0.42986623470822805,0.8478198388019851,0.6956396776039702,1.6956396776039702,0.8597324694164561,0.2949702414152922
1.0,1,-0.33333333333333304,0.46415888336127814,0.8648755270476425,0.729751054095285,1.729751054095285,0.9283177667225563,0.27028694160025346
1.0,1,-0.2999999999999998,0.5011872336272725,0.8812947855941476,0.7625895711882953,1.7625895711882953,1.002374467254545,0.24512120051541605
1.0,1,-0.2666666666666666,0.5411695265464637,0.8970669559551853,0.7941339119103705,1.7941339119103705,1.0823390530929273,0.21949152611727524
1.0,1,-0.2333333333333334,0.5843414133735175,0.912185858255045,0.8243717165100899,1.82437171651009,1.168682826747035,0.19341666836234206
1.0,1,-0.20000000000000018,0.6309573444801929,0.9266494968694455,0.8532989937388911,1.853298993738891,1.2619146889603858,0.16691549427330168
1.0,1,-0.16666666666666696,0.6812920690579608,0.9404597328323581,0.8809194656647161,1.8809194656647161,1.3625841381159216,0.14000687199369563
1.0,1,-0.13333333333333375,0.7356422544596406,0.9536219333507145,0.9072438667014291,1.907243866701429,1.4712845089192812,0.11270956463851363
1.0,1,-0.09999999999999964,0.7943282347242822,0.9661446080340187,0.9322892160680374,1.9322892160680374,1.5886564694485643,0.08504213445999374
1.0,1,-0.06666666666666643,0.8576958985908946,0.978039040499575,0.95607808099915,1.95607808099915,1.7153917971817891,0.05702285758426058
1.0,1,-0.033333333333333215,0.9261187281287937,0.9893189229295469,0.9786378458590939,1.9786378458590939,1.8522374562575874,0.028669649340175973
1.0,1,0.0,1.0,1.0,1.0,2.0,2.0,0.0
1.0,2,-8.0,9.999999999999982e-09,2.7182817817513003e-08,-0.9999999456343643,5.4365635635026005e-08,1.9999999999999964e-08,0.43429447444084873
1.0,2,-7.966666666666667,1.0797751623277061e-08,2.935133148119592e-08,-0.999999941297337,5.870266296239184e-08,2.1595503246554123e-08,0.4342944738455342
1.0,2,-7.933333333333334,1.1659144011798304e-08,3.1692838667733714e-08,-0.9999999366143226,6.338567733546743e-08,2.3318288023596607e-08,0.43429447320272857
1.0,2,-7.9,1.2589254117941638e-08,3.422113996238614e-08,-0.99999993155772,6.844227992477229e-08,2.5178508235883276e-08,0.43429447250864284
1.0,2,-7.866666666666666,1.3593563908785248e-08,3.695113689415873e-08,-0.9999999260977263,7.390227378831746e-08,2.7187127817570496e-08,0.4342944717591865
1.0,2,-7.833333333333333,1.4677992676220664e-08,3.989891976373784e-08,-0.9999999202021604,7.979783952747568e-08,2.9355985352441327e-08,0.434294470949942
1.0,2,-7.8,1.5848931924611133e-08,4.3081862477909506e-08,-0.9999999138362751,8.616372495581901e-08,3.1697863849222266e-08,0.43429447007614
1.0,2,-7.766666666666667,1.711328304161778e-08,4.6518724949402225e-08,-0.9999999069625501,9.303744989880445e-08,3.422656608323556e-08,0.43429446913263026
1.0,2,-7.733333333333333,1.8478497974222853e-08,5.022976366568864e-08,-0.9999998995404726,1.0045952733137728e-07,3.695699594844571e-08,0.4342944681138518
1.0,2,-7.7,1.9952623149688776e-08,5.423685107842157e-08,-0.9999998915262979,1.0847370215684315e-07,3.990524629937755e-08,0.4342944670138002
1.0,2,-7.666666666666667,2.1544346900318783e-08,5.85636045171733e-08,-0.999999882872791,1.171272090343466e-07,4.3088693800637566e-08,0.4342944658259919
1.0,2,-7.633333333333334,2.3263050671536165e-08,6.323552538727822e-08,-0.9999998735289493,1.2647105077455643e-07,4.652610134307233e-08,0.4342944645434259
1.0,2,-7.6,2.511886431509575e-08,6.828014947219397e-08,-0.999999863439701,1.3656029894438795e-07,5.02377286301915e-08,0.4342944631585429
1.0,2,-7.566666666666666,2.7122725793320284e-08,7.37272092262413e-08,-0.9999998525455815,1.474544184524826e-07,5.424545158664057e-08,0.43429446166318086
1.0,2,-7.533333333333333,2.928644564625232e-08,7.960880901425755e-08,-0.999999840782382,1.592176180285151e-07,5.857289129250464e-08,0.4342944600485258
1.0,2,-7.5,3.16227766016837e-08,8.595961433100253e-08,-0.9999998280807714,1.7191922866200506e-07,6.32455532033674e-08,0.43429445830506164
1.0,2,-7.466666666666667,3.4145488738335984e-08,9.281705611554908e-08,-0.9999998143658878,1.8563411223109816e-07,6.829097747667197e-08,0.43429445642251224
1.0,2,-7.433333333333334,3.6869450645195665e-08,1.0022155136485655e-07,-0.9999997995568972,2.004431027297131e-07,7.373890129039133e-08,0.4342944543897821
1.0,2,-7.4,3.981071705534957e-08,1.0821674134680353e-07,-0.9999997835665173,2.1643348269360706e-07,7.962143411069914e-08,0.4342944521948907
1.0,2,-7.366666666666667,4.298662347082269e-08,1.1684974881665971e-07,-0.9999997663005024,2.3369949763331942e-07,8.597324694164538e-08,0.4342944498249015
1.0,2,-7.333333333333333,4.6415888336127794e-08,1.2617145575300282e-07,-0.9999997476570885,2.5234291150600564e-07,9.283177667225559e-08,0.43429444726584593
1.0,2,-7.3,5.0118723362727164e-08,1.3623680325001364e-07,-0.9999997275263935,2.724736065000273e-07,1.0023744672545433e-07,0.4342944445026415
1.0,2,-7.266666666666667,5.4116952654646214e-08,1.4710511533366667e-07,-0.9999997057897694,2.9421023066733335e-07,1.0823390530929243e-07,0.4342944415190018
1.0,2,-7.233333333333333,5.843414133735172e-08,1.5884044861034526e-07,-0.9999996823191027,3.176808972206905e-07,1.1686828267470343e-07,0.4342944382973419
1.0,2,-7.2,6.309573444801918e-08,1.715119698086427e-07,-0.9999996569760604,3.430239396172854e-07,1.2619146889603835e-07,0.43429443481867347
1.0,2,-7.166666666666667,6.812920690579586e-08,1.8519436343954051e-07,-0.9999996296112731,3.7038872687908103e-07,1.3625841381159173e-07,0.4342944310624938
1.0,2,-7.133333333333333,7.3564225445964e-08,1.9996827197762437e-07,-0.999999600063456,3.9993654395524874e-07,1.47128450891928e-07,0.43429442700666443
1.0,2,-7.1,7.943282347242818e-08,2.1592077115770735e-07,-0.9999995681584577,4.318415423154147e-07,1.5886564694485636e-07,0.43429442262728046
1.0,2,-7.066666666666666,8.576958985908931e-08,2.3314588318816333e-07,-0.9999995337082336,4.6629176637632666e-07,1.7153917971817862e-07,0.4342944178985307
1.0,2,-7.033333333333333,9.26118728128791e-08,2.517451309057766e-07,-0.9999994965097382,5.034902618115532e-07,1.852237456257582e-07,0.434294412792544
1.0,2,-7.0,9.999999999999994e-08,2.718281361381696e-07,-0.9999994563437278,5.436562722763392e-07,1.9999999999999989e-07,0.4342944072792265
1.0,2,-6.966666666666667,1.0797751623277074e-07,2.9351326580046305e-07,-0.9999994129734684,5.870265316009261e-07,2.1595503246554147e-07,0.4342944013260834
1.0,2,-6.933333333333334,1.1659144011798295e-07,3.169283295341284e-07,-0.999999366143341,6.338566590682568e-07,2.331828802359659e-07,0.43429439489802735
1.0,2,-6.9,1.258925411794165e-07,3.422113329997728e-07,-0.999999315577334,6.844226659995456e-07,2.51785082358833e-07,0.4342943879571722
1.0,2,-6.866666666666667,1.3593563908785213e-07,3.695112912636029e-07,-0.9999992609774174,7.390225825272058e-07,2.7187127817570427e-07,0.4342943804626093
1.0,2,-6.833333333333333,1.467799267622068e-07,3.989891070715005e-07,-0.9999992020217858,7.97978214143001e-07,2.935598535244136e-07,0.4342943723701666
1.0,2,-6.8,1.5848931924611122e-07,4.308185191870354e-07,-0.9999991383629616,8.616370383740709e-07,3.1697863849222245e-07,0.4342943636321482
1.0,2,-6.766666666666667,1.7113283041617799e-07,4.6518712638272326e-07,-0.9999990696257473,9.303742527654465e-07,3.4226566083235597e-07,0.434294354197053
1.0,2,-6.733333333333333,1.8478497974222871e-07,5.022974931196532e-07,-0.9999989954050138,1.0045949862393064e-06,3.6956995948445743e-07,0.4342943440092719
1.0,2,-6.7,1.995262314968876e-07,5.423683434320933e-07,-0.9999989152633131,1.0847366868641867e-06,3.990524629937752e-07,0.4342943330087592
1.0,2,-6.666666666666667,2.1544346900318806e-07,5.85635850053489e-07,-0.9999988287282999,1.171271700106978e-06,4.308869380063761e-07,0.434294321130679
1.0,2,-6.633333333333333,2.3263050671536233e-07,6.323550263816202e-07,-0.9999987352899472,1.2647100527632404e-06,4.6526101343072466e-07,0.4342943083050235
1.0,2,-6.6,2.511886431509578e-07,6.828012294867267e-07,-0.999998634397541,1.3656024589734534e-06,5.023772863019156e-07,0.4342942944561997
1.0,2,-6.566666666666666,2.7122725793320264e-07,7.37271783020868e-07,-0.999998525456434,1.474543566041736e-06,5.424545158664053e-07,0.4342942795025842
1.0,2,-6.533333333333333,2.9286445646252357e-07,7.960877295934205e-07,-0.9999984078245409,1.592175459186841e-06,5.857289129250471e-07,0.4342942633560421
1.0,2,-6.5,3.1622776601683734e-07,8.59595722940594e-07,-0.9999982808085541,1.719191445881188e-06,6.324555320336747e-07,0.4342942459214077
1.0,2,-6.466666666666667,3.414548873833596e-07,9.281700710407374e-07,-0.999998143659858,1.8563401420814749e-06,6.829097747667192e-07,0.4342942270959233
1.0,2,-6.433333333333334,3.686945064519571e-07,1.0022149422167489e-06,-0.9999979955701156,2.0044298844334977e-06,7.373890129039142e-07,0.4342942067686338
1.0,2,-6.4,3.9810717055349613e-07,1.0821667472274868e-06,-0.9999978356665056,2.1643334944549735e-06,7.962143411069923e-07,0.4342941848197325
1.0,2,-6.366666666666667,4.298662347082266e-07,1.1684967113871923e-06,-0.9999976630065772,2.3369934227743845e-06,8.597324694164532e-07,0.4342941611198553
1.0,2,-6.333333333333333,4.641588833612777e-07,1.2617136518717924e-06,-0.9999974765726962,2.5234273037435847e-06,9.283177667225554e-07,0.4342941355293179
1.0,2,-6.3,5.011872336272722e-07,1.362366976580232e-06,-0.9999972752660469,2.724733953160464e-06,1.0023744672545444e-06,0.434294107897293
1.0,2,-6.266666666666667,5.411695265464628e-07,1.4710499222245383e-06,-0.9999970579001556,2.9420998444490766e-06,1.0823390530929255e-06,0.43429407806092074
1.0,2,-6.233333333333333,5.843414133735168e-07,1.5884030507322062e-06,-0.9999968231938985,3.1768061014644123e-06,1.1686828267470336e-06,0.43429404584434944
1.0,2,-6.2,6.309573444801925e-07,1.7151180245665692e-06,-0.9999965697639509,3.4302360491331383e-06,1.261914688960385e-06,0.4342940110576986
1.0,2,-6.166666666666667,6.812920690579595e-07,1.851941683214684e-06,-0.9999962961166335,3.703883366429368e-06,1.362584138115919e-06,0.4342939734959402
1.0,2,-6.133333333333333,7.356422544596409e-07,1.9996804448667806e-06,-0.9999960006391103,3.999360889733561e-06,1.4712845089192818e-06,0.43429393293769003
1.0,2,-6.1,7.943282347242812e-07,2.1592050592276556e-06,-0.9999956815898815,4.318410118455311e-06,1.5886564694485625e-06,0.4342938891439031
1.0,2,-6.066666666666666,8.57695898590894e-07,2.3314557394696278e-06,-0.9999953370885211,4.6629114789392556e-06,1.715391797181788e-06,0.4342938418564647
1.0,2,-6.033333333333333,9.261187281287921e-07,2.517447703570537e-06,-0.9999949651045928,5.034895407141074e-06,1.8522374562575842e-06,0.4342937907966689
1.0,2,-6.0,9.999999999999987e-07,2.7182771576927975e-06,-0.9999945634456846,5.436554315385595e-06,1.9999999999999974e-06,0.43429373566357643
1.0,2,-5.966666666666667,1.0797751623277085e-06,2.93512775686394e-06,-0.9999941297444863,5.87025551372788e-06,2.159550324655417e-06,0.4342936761322404
1.0,2,-5.933333333333334,1.1659144011798289e-06,3.1692775810317e-06,-0.9999936614448379,6.3385551620634e-06,2.3318288023596577e-06,0.4342936118517916
1.0,2,-5.9,1.2589254117941644e-06,3.422106667603066e-06,-0.9999931557866648,6.844213335206132e-06,2.517850823588329e-06,0.4342935424433702
1.0,2,-5.866666666666667,1.359356390878523e-06,3.69510514485563e-06,-0.9999926097897103,7.39021028971126e-06,2.718712781757046e-06,0.43429346749789316
1.0,2,-5.833333333333334,1.4677992676220643e-06,3.989882014149816e-06,-0.9999920202359717,7.979764028299633e-06,2.9355985352441286e-06,0.4342933865736431
1.0,2,-5.8,1.5848931924611111e-06,4.30817463269292e-06,-0.9999913836507346,8.61634926538584e-06,3.1697863849222222e-06,0.43429329919366466
1.0,2,-5.766666666666667,1.7113283041617788e-06,4.651858952733136e-06,-0.9999906962820946,9.303717905466273e-06,3.4226566083235577e-06,0.4342932048429542
1.0,2,-5.733333333333333,1.8478497974222894e-06,5.022960577518346e-06,-0.999989954078845,1.0045921155036691e-05,3.6956995948445787e-06,0.43429310296542334
1.0,2,-5.7,1.995262314968875e-06,5.4236666991654804e-06,-0.9999891526666017,1.0847333398330961e-05,3.99052462993775e-06,0.43429299296062285
1.0,2,-5.666666666666666,2.154434690031883e-06,5.856338988782024e-06,-0.9999882873220224,1.1712677977564047e-05,4.308869380063766e-06,0.43429287418020274
1.0,2,-5.633333333333333,2.326305067153626e-06,6.323527514789926e-06,-0.9999873529449704,1.2647055029579852e-05,4.652610134307252e-06,0.4342927459240919
1.0,2,-5.6,2.5118864315095806e-06,6.827985771459228e-06,-0.9999863440284571,1.3655971542918456e-05,5.023772863019161e-06,0.4342926074363715
1.0,2,-5.566666666666666,2.7122725793320246e-06,7.372686906196979e-06,-0.9999852546261876,1.4745373812393957e-05,5.424545158664049e-06,0.4342924579008203
1.0,2,-5.533333333333333,2.9286445646252336e-06,7.960841241198365e-06,-0.9999840783175176,1.592168248239673e-05,5.857289129250467e-06,0.434292296436104
1.0,2,-5.5,3.162277660168377e-06,8.595915192688774e-06,-0.9999828081696146,1.7191830385377547e-05,6.324555320336754e-06,0.4342921220905812
1.0,2,-5.466666666666667,3.414548873833594e-06,9.281651699216795e-06,-0.9999814366966016,1.856330339843359e-05,6.829097747667188e-06,0.43429193383669457
1.0,2,-5.433333333333334,3.686945064519568e-06,1.0022092279343998e-05,-0.9999799558154413,2.0044184558687997e-05,7.373890129039136e-06,0.4342917305649152
1.0,2,-5.4,3.981071705534966e-06,1.0821600848671085e-05,-0.9999783567983026,2.164320169734217e-05,7.962143411069931e-06,0.43429151107720354
1.0,2,-5.366666666666667,4.2986623470822705e-06,1.1684889436499443e-05,-0.999976630221127,2.3369778872998885e-05,8.597324694164541e-06,0.4342912740799485
1.0,2,-5.333333333333334,4.641588833612765e-06,1.2617045953609383e-05,-0.9999747659080928,2.5234091907218766e-05,9.28317766722553e-06,0.43429101817634425
1.0,2,-5.3,5.011872336272718e-06,1.3623564174711942e-05,-0.9999727528716505,2.7247128349423885e-05,1.0023744672545436e-05,0.4342907418581578
1.0,2,-5.266666666666667,5.4116952654646334e-06,1.471037611216554e-05,-0.9999705792477757,2.942075222433108e-05,1.0823390530929267e-05,0.4342904434968405
1.0,2,-5.233333333333333,5.843414133735164e-06,1.5883886971624132e-05,-0.9999682322260568,3.1767773943248264e-05,1.1686828267470328e-05,0.4342901213339309
1.0,2,-5.2,6.309573444801921e-06,1.7151012895475848e-05,-0.9999656979742091,3.4302025790951695e-05,1.2619146889603842e-05,0.43428977347069114
1.0,2,-5.166666666666666,6.812920690579614e-06,1.8519221716336144e-05,-0.9999629615565673,3.703844343267229e-05,1.3625841381159229e-05,0.43428939785691784
1.0,2,-5.133333333333333,7.356422544596417e-06,1.9996576960567867e-05,-0.9999600068460789,3.999315392113573e-05,1.4712845089192834e-05,0.43428899227885964
1.0,2,-5.1,7.943282347242806e-06,2.1591785360918907e-05,-0.9999568164292781,4.3183570721837814e-05,1.5886564694485613e-05,0.43428855434617125
1.0,2,-5.066666666666666,8.576958985908935e-06,2.3314248158007134e-05,-0.999953371503684,4.662849631601427e-05,1.715391797181787e-05,0.4342880814778274
1.0,2,-5.033333333333333,9.26118728128793e-06,2.5174116492662467e-05,-0.9999496517670147,5.0348232985324934e-05,1.852237456257586e-05,0.4342875708869127
1.0,2,-5.0,9.99999999999998e-06,2.7182351215188925e-05,-0.9999456352975696,5.436470243037785e-05,1.999999999999996e-05,0.434287019564199
1.0,2,-4.966666666666667,1.0797751623277078e-05,2.935078746357315e-05,-0.9999412984250728,5.87015749271463e-05,2.1595503246554156e-05,0.43428642426041225
1.0,2,-4.933333333333334,1.16591440117983e-05,3.169220439069254e-05,-0.9999366155912186,6.338440878138509e-05,2.33182880235966e-05,0.43428578146708546
1.0,2,-4.9,1.2589254117941658e-05,3.422040045083255e-05,-0.9999315591990984,6.84408009016651e-05,2.5178508235883316e-05,0.43428508739588506
1.0,2,-4.866666666666667,1.359356390878522e-05,3.695027468847781e-05,-0.999926099450623,7.390054937695562e-05,2.718712781757044e-05,0.4342843379562873
1.0,2,-4.833333333333334,1.467799267622066e-05,3.9897914507592694e-05,-0.9999202041709848,7.979582901518539e-05,2.935598535244132e-05,0.43428352873147613
1.0,2,-4.8,1.584893192461113e-05,4.3080690437653476e-05,-0.9999138386191246,8.616138087530695e-05,3.169786384922226e-05,0.4342826549523175
1.0,2,-4.766666666666667,1.7113283041617806e-05,4.651735845376067e-05,-0.9999069652830925,9.303471690752133e-05,3.422656608323561e-05,0.4342817114692585
1.0,2,-4.733333333333333,1.847849797422288e-05,5.022817045248199e-05,-0.9998995436590951,0.00010045634090496398,3.695699594844576e-05,0.43428069272198677
1.0,2,-4.7,1.995262314968877e-05,5.4234993532909375e-05,-0.9998915300129342,0.00010846998706581875,3.990524629937754e-05,0.4342795927066694
1.0,2,-4.666666666666666,2.1544346900318854e-05,5.8561438784038974e-05,-0.999882877122432,0.00011712287756807795,4.308869380063771e-05,0.4342784049405799
1.0,2,-4.633333333333333,2.3263050671536243e-05,6.323300033529202e-05,-0.9998735339993294,0.00012646600067058405,4.6526101343072485e-05,0.4342771224239053
1.0,2,-4.6,2.5118864315095788e-05,6.827720548711629e-05,-0.9998634455890257,0.00013655441097423259,5.0237728630191576e-05,0.43427573759850757
1.0,2,-4.566666666666666,2.7122725793320276e-05,7.372377680347202e-05,-0.999852552446393,0.00014744755360694405,5.424545158664055e-05,0.4342742423033971
1.0,2,-4.533333333333333,2.9286445646252367e-05,7.960480711801278e-05,-0.999840790385764,0.00015920961423602557,5.8572891292504734e-05,0.4342726277266573
1.0,2,-4.5,3.162277660168375e-05,8.59549484812877e-05,-0.9998280901030374,0.0001719098969625754,6.32455532033675e-05,0.4342708843535357
1.0,2,-4.466666666666667,3.4145488738335975e-05,9.281161615777545e-05,-0.9998143767676845,0.0001856232323155509,6.829097747667195e-05,0.4342690019103985
1.0,2,-4.433333333333334,3.686945064519572e-05,0.000100215208869461,-0.9997995695822611,0.000200430417738922,7.373890129039145e-05,0.43426696930421615
1.0,2,-4.4,3.9810717055349634e-05,0.00010820934657749,-0.999783581306845,0.00021641869315498,7.962143411069927e-05,0.4342647745572274
1.0,2,-4.366666666666667,4.2986623470822677e-05,0.00011684112719571632,-0.9997663177456085,0.00023368225439143265,8.597324694164535e-05,0.43426240473639505
1.0,2,-4.333333333333334,4.64158883361277e-05,0.00012616140374026912,-0.9997476771925194,0.00025232280748053825,9.28317766722554e-05,0.4342598458772411
1.0,2,-4.3,5.011872336272724e-05,0.00013622508353824215,-0.9997275498329236,0.0002724501670764843,0.00010023744672545448,0.4342570829016115
1.0,2,-4.266666666666667,5.41169526546463e-05,0.00014709145124689417,-0.9997058170975062,0.00029418290249378834,0.0001082339053092926,0.43425409952888977
1.0,2,-4.233333333333333,5.8434141337351704e-05,0.00015882451757308382,-0.9996823509648538,0.00031764903514616764,0.00011686828267470341,0.4342508781801366
1.0,2,-4.2,6.309573444801928e-05,0.00017149339573178495,-0.9996570132085364,0.0003429867914635699,0.00012619146889603856,0.4342473998745929
1.0,2,-4.166666666666666,6.812920690579622e-05,0.00018517270784330848,-0.9996296545843134,0.00037034541568661697,0.00013625841381159244,0.4342436441179398
1.0,2,-4.133333333333333,7.356422544596412e-05,0.00019994302364211082,-0.9996001139527158,0.00039988604728422164,0.00014712845089192824,0.4342395887816592
1.0,2,-4.1,7.943282347242815e-05,0.00021589133405682567,-0.9995682173318864,0.00043178266811365134,0.0001588656469448563,0.4342352099727878
1.0,2,-4.066666666666666,8.576958985908944e-05,0.00023311156242233617,-0.9995337768751553,0.00046622312484467235,0.00017153917971817888,0.43423048189330055
1.0,2,-4.033333333333333,9.261187281287925e-05,0.0002517051163014908,-0.999496589767397,0.0005034102326029816,0.0001852237456257585,0.434225376688301
1.0,2,-4.0,9.999999999999991e-05,0.00027178148312752753,-0.999456437033745,0.0005435629662550551,0.00019999999999999982,0.4342198642821279
1.0,2,-3.966666666666667,0.0001079775162327709,0.00029345887312970815,-0.9994130822537406,0.0005869177462594163,0.0002159550324655418,0.4342139122014194
1.0,2,-3.9333333333333336,0.00011659144011798293,0.0003168649132753746,-0.9993662701734493,0.0006337298265507492,0.00023318288023596587,0.4342074853841001
1.0,2,-3.9000000000000004,0.0001258925411794165,0.00034213739625301847,-0.999315725207494,0.0006842747925060369,0.000251785082358833,0.4342005459731735
1.0,2,-3.8666666666666663,0.0001359356390878526,0.0003694250888345375,-0.9992611498223309,0.000738850177669075,0.0002718712781757052,0.4341930530941148
1.0,2,-3.833333333333333,0.00014677992676220703,0.000398888604292194,-0.9992022227914156,0.000797777208584388,0.00029355985352441406,0.4341849626145657
1.0,2,-3.8,0.0001584893192461112,0.00043070134390861634,-0.9991385973121828,0.0008614026878172327,0.0003169786384922224,0.4341762268849264
1.0,2,-3.7666666666666666,0.00017113283041617796,0.00046505051300825415,-0.9990698989739835,0.0009301010260165083,0.0003422656608323559,0.43416679445833595
1.0,2,-3.7333333333333334,0.000184784979742229,0.0005021382173579341,-0.9989957235652841,0.0010042764347158682,0.000369569959484458,0.43415660978840664
1.0,2,-3.7,0.00019952623149688758,0.0005421826462345956,-0.9989156347075309,0.0010843652924691911,0.00039905246299377516,0.4341456129029557
1.0,2,-3.666666666666667,0.00021544346900318802,0.0005854193489419298,-0.9988291613021162,0.0011708386978838596,0.00043088693800637603,0.4341337390518363
1.0,2,-3.6333333333333337,0.00023263050671536227,0.0006321026120768222,-0.9987357947758464,0.0012642052241536444,0.00046526101343072454,0.43412091832682365
1.0,2,-3.5999999999999996,0.00025118864315095817,0.0006825069454034968,-0.998634986109193,0.0013650138908069937,0.0005023772863019163,0.4341070752513508
1.0,2,-3.5666666666666664,0.0002712272579332026,0.0007369286847904628,-0.9985261426304191,0.0014738573695809256,0.0005424545158664052,0.4340921283377194
1.0,2,-3.533333333333333,0.0002928644564625235,0.0007956877213053465,-0.9984086245573893,0.001591375442610693,0.000585728912925047,0.4340759896092207
1.0,2,-3.5,0.00031622776601683783,0.0008591293662480183,-0.9982817412675039,0.0017182587324960366,0.0006324555320336757,0.4340585640844114
1.0,2,-3.466666666666667,0.00034145488738335987,0.0009276263626358378,-0.9981447472747284,0.0018552527252716756,0.0006829097747667197,0.4340397492205665
1.0,2,-3.4333333333333336,0.00036869450645195695,0.0010015810544390406,-0.9979968378911219,0.002003162108878081,0.0007373890129039139,0.4340194343131077
1.0,2,-3.4000000000000004,0.00039810717055349676,0.0010814277257020228,-0.997837144548596,0.0021628554514040456,0.0007962143411069935,0.433997499847558
1.0,2,-3.3666666666666663,0.0004298662347082276,0.0011676351225805351,-0.9976647297548389,0.0023352702451610702,0.0008597324694164552,0.4339738168003038
1.0,2,-3.333333333333333,0.00046415888336127795,0.0012607091722781133,-0.9974785816554438,0.0025214183445562265,0.0009283177667225559,0.4339482458841694
1.0,2,-3.3,0.0005011872336272721,0.0013611959138804322,-0.9972776081722391,0.0027223918277608644,0.0010023744672545442,0.4339206367344946
1.0,2,-3.2666666666666666,0.0005411695265464635,0.0014696846571661238,-0.9970606306856677,0.0029393693143322476,0.001082339053092927,0.43389082703108595
1.0,2,-3.2333333333333334,0.0005843414133735171,0.0015868113866195402,-0.9968263772267609,0.0031736227732390805,0.0011686828267470342,0.43385864155105747
1.0,2,-3.2,0.0006309573444801923,0.0017132624290872411,-0.9965734751418255,0.0034265248581744822,0.0012619146889603847,0.4338238911472025
1.0,2,-3.166666666666667,0.0006812920690579605,0.0018497784048073758,-0.9963004431903852,0.0036995568096147517,0.001362584138115921,0.4337863716461358
1.0,2,-3.1333333333333337,0.00073564225445964,0.001997158482901428,-0.9960056830341971,0.003994316965802856,0.00147128450891928,0.43374586266001525
1.0,2,-3.0999999999999996,0.0007943282347242817,0.002156264963851685,-0.9956874700722966,0.00431252992770337,0.0015886564694485635,0.43370212630519367
1.0,2,-3.0666666666666664,0.0008576958985908939,0.002328028212995595,-0.9953439435740088,0.00465605642599119,0.0017153917971817877,0.4336549058206604
1.0,2,-3.033333333333333,0.0009261187281287935,0.002513451970649692,-0.9949730960587007,0.005026903941299384,0.001852237456257587,0.4336039240786081
1.0,2,-3.0,0.0009999999999999994,0.002713619066128356,-0.9945727618677432,0.005427238132256712,0.0019999999999999987,0.4335488819789073
1.0,2,-2.966666666666667,0.0010797751623277082,0.002929697564644763,-0.9941406048707104,0.005859395129289526,0.0021595503246554164,0.4334894567186734
1.0,2,-2.9333333333333336,0.0011659144011798306,0.003162947377866923,-0.9936741052442661,0.006325894755733846,0.002331828802359661,0.4334252999274858
1.0,2,-2.9000000000000004,0.001258925411794165,0.003414727370745231,-0.9931705452585096,0.006829454741490462,0.00251785082358833,0.4333560356581484
1.0,2,-2.8666666666666663,0.0013593563908785263,0.0036865029991203137,-0.9926269940017594,0.0073730059982406275,0.0027187127817570526,0.4332812582221743
1.0,2,-2.833333333333333,0.0014677992676220694,0.003979854514549043,-0.992040290970902,0.007959709029098086,0.0029355985352441387,0.4332005298584317
1.0,2,-2.8,0.0015848931924611136,0.004296485774738735,-0.9914070284505225,0.00859297154947747,0.0031697863849222273,0.43311337822259616
1.0,2,-2.7666666666666666,0.00171132830416178,0.004638233699934318,-0.9907235326001314,0.009276467399868637,0.00342265660832356,0.433019293684229
1.0,2,-2.7333333333333334,0.001847849797422289,0.00500707841753885,-0.9899858431649223,0.0100141568350777,0.003695699594844578,0.43291772641742804
1.0,2,-2.7,0.001995262314968878,0.005405154139134355,-0.9891896917217313,0.01081030827826871,0.003990524629937756,0.4328080832700872
1.0,2,-2.666666666666667,0.0021544346900318804,0.005834760815872936,-0.9883304783682542,0.011669521631745871,0.004308869380063761,0.43268972439585196
1.0,2,-2.6333333333333337,0.0023263050671536232,0.006298376619885008,-0.98740324676023,0.012596753239770017,0.0046526101343072465,0.4325619596318699
1.0,2,-2.5999999999999996,0.00251188643150958,0.006798671300851178,-0.9864026573982977,0.013597342601702356,0.00502377286301916,0.43242404460441763
1.0,2,-2.5666666666666664,0.002712272579332029,0.00733852046814648,-0.985322959063707,0.01467704093629296,0.005424545158664058,0.43227517654343245
1.0,2,-2.533333333333333,0.0029286445646252352,0.007921020849917375,-0.9841579583001653,0.01584204169983475,0.0058572891292504705,0.4321144897859097
1.0,2,-2.5,0.0031622776601683764,0.0085495065810086,-0.9829009868379828,0.0170990131620172,0.006324555320336753,0.4319410509470312
1.0,2,-2.466666666666667,0.003414548873833599,0.009227566571718061,-0.9815448668565638,0.018455133143436123,0.006829097747667198,0.4317538537368018
1.0,2,-2.4333333333333336,0.0036869450645195707,0.00995906300880632,-0.9800818739823873,0.01991812601761264,0.0073738901290391415,0.43155181339887316
1.0,2,-2.4000000000000004,0.003981071705534968,0.010748151038886227,-0.9785036979222276,0.021496302077772454,0.007962143411069936,0.43133376074717034
1.0,2,-2.3666666666666663,0.004298662347082277,0.011599299682109284,-0.9768014006357815,0.02319859936421857,0.008597324694164554,0.4310984357748938
1.0,2,-2.333333333333333,0.004641588833612781,0.012517314020765872,-0.9749653719584682,0.025034628041531743,0.009283177667225561,0.43084448080950033
1.0,2,-2.3,0.005011872336272722,0.013507358702815738,-0.9729852825943686,0.027014717405631477,0.010023744672545444,0.43057043318636645
1.0,2,-2.2666666666666666,0.005411695265464637,0.014574982794221895,-0.9708500344115563,0.02914996558844379,0.010823390530929273,0.43027471741305984
1.0,2,-2.2333333333333334,0.005843414133735173,0.015726146006002233,-0.9685477079879955,0.03145229201200447,0.011686828267470346,0.429955636795508
1.0,2,-2.2,0.006309573444801925,0.016967246311826292,-0.9660655073763474,0.033934492623652585,0.01261914688960385,0.4296113644969149
1.0,2,-2.166666666666667,0.006812920690579607,0.018305148959419187,-0.9633897020811616,0.03661029791883837,0.013625841381159213,0.4292399340000628
1.0,2,-2.1333333333333337,0.007356422544596402,0.019747216863598496,-0.960505566272803,0.03949443372719699,0.014712845089192805,0.42883922894373244
1.0,2,-2.0999999999999996,0.007943282347242819,0.021301342350023737,-0.9573973152999525,0.04260268470004747,0.015886564694485638,0.42840697230441743
1.0,2,-2.0666666666666664,0.00857695898590894,0.022975980196197125,-0.9540480396076058,0.04595196039239425,0.01715391797181788,0.4279407148953939
1.0,2,-2.033333333333333,0.009261187281287936,0.02478018188938974,-0.9504396362212205,0.04956036377877948,0.018522374562575872,0.427437823156605
1.0,2,-2.0,0.009999999999999995,0.026723630989395203,-0.9465527380212095,0.053447261978790406,0.01999999999999999,0.4268954662108399
1.0,2,-1.9666666666666668,0.010797751623277086,0.028816679446720703,-0.9423666411065585,0.05763335889344141,0.02159550324655417,0.42631060216443195
1.0,2,-1.9333333333333336,0.011659144011798309,0.031070384683342545,-0.9378592306333149,0.06214076936668509,0.023318288023596617,0.425679963634292
1.0,2,-1.9000000000000004,0.012589254117941654,0.03349654719279989,-0.9330069056144003,0.06699309438559978,0.025178508235883308,0.425000042487679
1.0,2,-1.8666666666666663,0.013593563908785265,0.03610774835846319,-0.9277845032830736,0.07221549671692638,0.02718712781757053,0.42426707378682793
1.0,2,-1.833333333333333,0.014677992676220697,0.03891738812258718,-0.9221652237548257,0.07783477624517436,0.029355985352441393,0.42347701893758455
1.0,2,-1.7999999999999998,0.01584893192461114,0.04193972206356753,-0.9161205558728649,0.08387944412713506,0.03169786384922228,0.42262554804971364
1.0,2,-1.7666666666666666,0.017113283041617803,0.045189897354027994,-0.909620205291944,0.09037979470805599,0.034226566083235606,0.42170802152674947
1.0,2,-1.7333333333333334,0.0184784979742229,0.04868398697746205,-0.9026320260450759,0.0973679739549241,0.0369569959484458,0.4207194709153492
1.0,2,-1.7000000000000002,0.019952623149688785,0.05243902147574733,-0.8951219570485054,0.10487804295149467,0.03990524629937757,0.4196545790583156
1.0,2,-1.666666666666667,0.02154434690031881,0.05647301738379049,-0.887053965232419,0.11294603476758099,0.04308869380063762,0.41850765961198977
1.0,2,-1.6333333333333337,0.023263050671536226,0.06080500138097173,-0.8783899972380566,0.12161000276194346,0.04652610134307245,0.4172726360078119
1.0,2,-1.5999999999999996,0.02511886431509582,0.06545502905245434,-0.8690899418950913,0.1309100581049087,0.05023772863019164,0.41594301995971217
1.0,2,-1.5666666666666664,0.02712272579332028,0.0704441970078162,-0.8591116059843675,0.1408883940156324,0.05424545158664056,0.4145118896438395
1.0,2,-1.5333333333333332,0.029286445646252362,0.07579464695147814,-0.8484107060970437,0.15158929390295628,0.058572891292504724,0.41297186770512645
1.0,2,-1.5,0.031622776601683784,0.08152956014142348,-0.836940879717153,0.16305912028284697,0.06324555320336757,0.4113150992764664
1.0,2,-1.4666666666666668,0.034145488738336,0.08767314051304512,-0.8246537189739098,0.17534628102609023,0.068290977476672,0.40953323023089916
1.0,2,-1.4333333333333336,0.03686945064519573,0.09425058458797846,-0.8114988308240431,0.1885011691759569,0.07373890129039146,0.4076173859251786
1.0,2,-1.4000000000000004,0.03981071705534967,0.10128803613911305,-0.7974239277217738,0.2025760722782261,0.07962143411069934,0.40555815073429496
1.0,2,-1.3666666666666663,0.0429866234708228,0.10881252344964218,-0.7823749531007156,0.21762504689928436,0.0859732469416456,0.4033455487207124
1.0,2,-1.333333333333333,0.046415888336127815,0.11685187689456168,-0.7662962462108767,0.23370375378912336,0.09283177667225563,0.4009690258288434
1.0,2,-1.2999999999999998,0.05011872336272723,0.1254346244976877,-0.7491307510046246,0.2508692489953754,0.10023744672545445,0.3984174340440097
1.0,2,-1.2666666666666666,0.05411695265464636,0.134589863087881,-0.730820273824238,0.269179726175762,0.10823390530929272,0.39567901800499067
1.0,2,-1.2333333333333334,0.05843414133735174,0.14434710270830245,-0.7113057945833952,0.2886942054166049,0.11686828267470348,0.392741404609134
1.0,2,-1.2000000000000002,0.06309573444801929,0.15473608203714018,-0.6905278359257196,0.30947216407428035,0.12619146889603858,0.38959159619747624
1.0,2,-1.166666666666667,0.06812920690579605,0.16578655277350984,-0.6684268944529803,0.3315731055470197,0.1362584138115921,0.3862159679526737
1.0,2,-1.1333333333333337,0.07356422544596404,0.17752803124492922,-0.6449439375101416,0.35505606248985844,0.14712845089192808,0.38260027018267284
1.0,2,-1.0999999999999996,0.07943282347242821,0.18998951591960686,-0.6200209681607862,0.3799790318392137,0.15886564694485641,0.37872963619552374
1.0,2,-1.0666666666666664,0.08576958985908942,0.203199170073422,-0.5936016598531559,0.406398340146844,0.17153917971817884,0.37458859649277426
1.0,2,-1.0333333333333332,0.09261187281287935,0.21718396958119213,-0.5656320608376157,0.43436793916238425,0.1852237456257587,0.3701611000173829
1.0,2,-1.0,0.09999999999999998,0.23196931668407392,-0.5360613666318521,0.46393863336814783,0.19999999999999996,0.36543054318372886
1.0,2,-0.9666666666666668,0.10797751623277092,0.24757862163352698,-0.5048427567329461,0.49515724326705396,0.21595503246554185,0.360379807388586
1.0,2,-0.9333333333333336,0.11659144011798311,0.26403285532334736,-0.4719342893533053,0.5280657106466947,0.23318288023596623,0.3549913056494109
1.0,2,-0.9000000000000004,0.12589254117941656,0.2813500773813961,-0.4372998452372078,0.5627001547627922,0.2517850823588331,0.34924703893663966
1.0,2,-0.8666666666666663,0.13593563908785264,0.29954494567670414,-0.4009101086465917,0.5990898913534083,0.2718712781757053,0.34312866265702585
1.0,2,-0.833333333333333,0.14677992676220702,0.3186282147672374,-0.3627435704655252,0.6372564295344748,0.29355985352441405,0.336617563603136
1.0,2,-0.7999999999999998,0.1584893192461114,0.3386062324159038,-0.32278753516819236,0.6772124648318076,0.3169786384922228,0.32969494750866907
1.0,2,-0.7666666666666666,0.17113283041617808,0.3594804448697069,-0.28103911026058614,0.7189608897394139,0.34226566083235616,0.3223419371403139
1.0,2,-0.7333333333333334,0.18478497974222904,0.3812469230477083,-0.2375061539045834,0.7624938460954166,0.3695699594844581,0.3145396806159296
1.0,2,-0.7000000000000002,0.19952623149688783,0.40389592302413213,-0.19220815395173574,0.8077918460482643,0.39905246299377567,0.30626946936939764
1.0,2,-0.666666666666667,0.2154434690031882,0.42741149512205995,-0.1451770097558801,0.8548229902441199,0.4308869380063764,0.2975128648900053
1.0,2,-0.6333333333333337,0.23263050671536237,0.45177115644661764,-0.09645768710676472,0.9035423128932353,0.46526101343072473,0.2882518330563515
1.0,2,-0.5999999999999996,0.2511886431509582,0.47694564168475384,-0.04610871663049232,0.9538912833695077,0.5023772863019164,0.27846888457134955
1.0,2,-0.5666666666666664,0.27122725793320296,0.5028987463949179,0.005797492789835879,1.0057974927898359,0.5424545158664059,0.26814721969771854
1.0,2,-0.5333333333333332,0.2928644564625237,0.5295872757394645,0.05917455147892903,1.059174551478929,0.5857289129250474,0.25727087520583186
1.0,2,-0.5,0.3162277660168379,0.5569611096418612,0.11392221928372237,1.1139222192837224,0.6324555320336758,0.24582487119239854
1.0,2,-0.4666666666666668,0.34145488738336005,0.5849633926856442,0.16992678537128847,1.1699267853712885,0.6829097747667201,0.23379535522393213
1.0,2,-0.43333333333333357,0.3686945064519573,0.6135308537638045,0.2270617075276089,1.227061707527609,0.7373890129039146,0.22116974111752183
1.0,2,-0.40000000000000036,0.39810717055349687,0.6425942566358354,0.2851885132716707,1.2851885132716707,0.7962143411069937,0.2079368396056163
1.0,2,-0.36666666666666625,0.42986623470822805,0.6720789783025005,0.34415795660500104,1.344157956605001,0.8597324694164561,0.19408697815135642
1.0,2,-0.33333333333333304,0.46415888336127814,0.7019057076551195,0.403811415310239,1.403811415310239,0.9283177667225563,0.17961210729283875
1.0,2,-0.2999999999999998,0.5011872336272725,0.7319912524184604,0.46398250483692083,1.4639825048369208,1.002374467254545,0.16450589110061514
1.0,2,-0.2666666666666666,0.5411695265464637,0.7622494382234832,0.5244988764469665,1.5244988764469665,1.0823390530929273,0.14876377962992132
1.0,2,-0.2333333333333334,0.5843414133735175,0.7925920799580211,0.5851841599160421,1.5851841599160421,1.168682826747035,0.13238306162962024
1.0,2,-0.20000000000000018,0.6309573444801929,0.8229300025712286,0.6458600051424572,1.6458600051424572,1.2619146889603858,0.11536289622089903
1.0,2,-0.16666666666666696,0.6812920690579608,0.8531740864356955,0.706348172871391,1.706348172871391,1.3625841381159216,0.0977043227632171
1.0,2,-0.13333333333333375,0.7356422544596406,0.8832363113310067,0.7664726226620133,1.7664726226620133,1.4712845089192812,0.0794102486624346
1.0,2,-0.09999999999999964,0.7943282347242822,0.9130307731711197,0.8260615463422394,1.8260615463422394,1.5886564694485643,0.06048541542387372
1.0,2,-0.06666666666666643,0.8576958985908946,0.9424746487514114,0.8849492975028228,1.8849492975028228,1.7153917971817891,0.040936343788055954
1.0,2,-0.033333333333333215,0.9261187281287937,0.971489085965587,0.9429781719311741,1.942978171931174,1.8522374562575874,0.020771259286586324
1.0,2,0.0,1.0,1.0,1.0,2.0,2.0,0.0
